{
  "total_requested": 7830,
  "successful": 7821,
  "parse_failed": 9,
  "not_found": 0,
  "failed": 0,
  "elapsed_time": 504.38391637802124,
  "courses_per_second": 15.52388913632932,
  "timestamp": "2025-11-07T11:29:04.726725",
  "unique_courses": 7770,
  "duplicates_removed": 60
}