{
  "total_requested": 4607,
  "successful": 4607,
  "parse_failed": 0,
  "not_found": 0,
  "failed": 0,
  "elapsed_time": 321.7893650531769,
  "courses_per_second": 14.316818702938415,
  "timestamp": "2026-04-11T11:40:58.342690",
  "unique_courses": 4607,
  "duplicates_removed": 0
}