{
  "total_requested": 4616,
  "successful": 4616,
  "parse_failed": 0,
  "not_found": 0,
  "failed": 0,
  "elapsed_time": 315.5275790691376,
  "courses_per_second": 14.629466031520986,
  "timestamp": "2026-04-20T12:13:30.653206",
  "unique_courses": 4616,
  "duplicates_removed": 0
}