{
  "total_courses": 3358,
  "total_urls": 5031,
  "total_pages": 224,
  "successful_pages": 224,
  "failed_pages": 0,
  "elapsed_time": 14.560922145843506,
  "pages_per_second": 15.3836410741295,
  "timestamp": "2026-05-02T11:50:28.680247"
}