{
  "total_courses": 7471,
  "total_urls": 10368,
  "total_pages": 499,
  "successful_pages": 499,
  "failed_pages": 0,
  "elapsed_time": 43.698710680007935,
  "pages_per_second": 11.41910120996525,
  "timestamp": "2025-12-06T11:19:58.656051"
}