{
  "total_courses": 2923,
  "total_urls": 4585,
  "total_pages": 195,
  "successful_pages": 195,
  "failed_pages": 0,
  "elapsed_time": 17.879201412200928,
  "pages_per_second": 10.906527394838243,
  "timestamp": "2026-04-08T11:57:25.693942"
}