{
  "total_courses": 3355,
  "total_urls": 5028,
  "total_pages": 224,
  "successful_pages": 224,
  "failed_pages": 0,
  "elapsed_time": 12.625671625137329,
  "pages_per_second": 17.741630437625417,
  "timestamp": "2026-05-01T12:01:50.307081"
}