{
  "total_courses": 2914,
  "total_urls": 4575,
  "total_pages": 195,
  "successful_pages": 195,
  "failed_pages": 0,
  "elapsed_time": 15.35692286491394,
  "pages_per_second": 12.697856316353437,
  "timestamp": "2026-04-01T11:55:36.658888"
}