{
  "total_courses": 7549,
  "total_urls": 10498,
  "total_pages": 504,
  "successful_pages": 504,
  "failed_pages": 0,
  "elapsed_time": 44.12977886199951,
  "pages_per_second": 11.420859405982617,
  "timestamp": "2026-03-02T11:35:32.154432"
}