{
  "total_courses": 7546,
  "total_urls": 10465,
  "total_pages": 504,
  "successful_pages": 504,
  "failed_pages": 0,
  "elapsed_time": 43.50550580024719,
  "pages_per_second": 11.584740614534732,
  "timestamp": "2026-01-06T11:24:40.422046"
}