{
  "total_courses": 7542,
  "total_urls": 10460,
  "total_pages": 503,
  "successful_pages": 503,
  "failed_pages": 0,
  "elapsed_time": 42.63474106788635,
  "pages_per_second": 11.79789034485009,
  "timestamp": "2026-01-07T11:25:54.185741"
}