{
  "total_courses": 7471,
  "total_urls": 10368,
  "total_pages": 499,
  "successful_pages": 499,
  "failed_pages": 0,
  "elapsed_time": 42.54565119743347,
  "pages_per_second": 11.728578267244895,
  "timestamp": "2025-12-07T11:19:28.377022"
}