{
  "total_requested": 7982,
  "successful": 7973,
  "parse_failed": 9,
  "not_found": 0,
  "failed": 0,
  "elapsed_time": 471.4731764793396,
  "courses_per_second": 16.92991329772878,
  "timestamp": "2025-11-27T11:30:20.029595",
  "unique_courses": 7921,
  "duplicates_removed": 61
}