{
  "total_courses": 4957,
  "total_urls": 7836,
  "total_pages": 331,
  "successful_pages": 331,
  "failed_pages": 0,
  "elapsed_time": 32.63345646858215,
  "pages_per_second": 10.14296479193585,
  "timestamp": "2025-11-08T11:18:36.238416"
}