{
  "total_courses": 4985,
  "total_urls": 6741,
  "total_pages": 333,
  "successful_pages": 333,
  "failed_pages": 0,
  "elapsed_time": 24.638126850128174,
  "pages_per_second": 13.515637857764649,
  "timestamp": "2026-06-05T13:54:12.016431"
}