{
  "total_requested": 7330,
  "successful": 7320,
  "parse_failed": 10,
  "not_found": 0,
  "failed": 0,
  "elapsed_time": 473.2066774368286,
  "courses_per_second": 15.490060367921432,
  "timestamp": "2026-07-07T01:14:18.985559",
  "unique_courses": 6410,
  "duplicates_removed": 920
}