{
  "total_courses": 5573,
  "total_urls": 7342,
  "total_pages": 372,
  "successful_pages": 372,
  "failed_pages": 0,
  "elapsed_time": 25.15241765975952,
  "pages_per_second": 14.789830744388038,
  "timestamp": "2026-07-11T11:56:21.796731"
}