{
  "total_courses": 3746,
  "total_urls": 5423,
  "total_pages": 250,
  "successful_pages": 250,
  "failed_pages": 0,
  "elapsed_time": 18.333152294158936,
  "pages_per_second": 13.636498294930528,
  "timestamp": "2026-05-31T12:14:10.191786"
}