{
  "total_courses": 7318,
  "total_urls": 10152,
  "total_pages": 488,
  "successful_pages": 488,
  "failed_pages": 0,
  "elapsed_time": 35.02574706077576,
  "pages_per_second": 13.932607894222363,
  "timestamp": "2025-10-20T00:52:27.575761"
}