{
  "total_requested": 10473,
  "successful": 10464,
  "parse_failed": 9,
  "not_found": 0,
  "failed": 0,
  "elapsed_time": 665.8609373569489,
  "courses_per_second": 15.728509381510282,
  "timestamp": "2026-03-09T11:49:44.596391",
  "unique_courses": 10412,
  "duplicates_removed": 61
}