{
  "total_courses": 3358,
  "total_urls": 5031,
  "total_pages": 224,
  "successful_pages": 224,
  "failed_pages": 0,
  "elapsed_time": 18.644782066345215,
  "pages_per_second": 12.014085184955391,
  "timestamp": "2026-05-04T12:22:24.587636"
}