{
  "total_requested": 6890,
  "successful": 6880,
  "parse_failed": 10,
  "not_found": 0,
  "failed": 0,
  "elapsed_time": 323.5212731361389,
  "courses_per_second": 21.29689937607492,
  "timestamp": "2026-06-15T16:25:40.954508",
  "unique_courses": 6006,
  "duplicates_removed": 884
}