{
  "total_courses": 7544,
  "total_urls": 10484,
  "total_pages": 503,
  "successful_pages": 503,
  "failed_pages": 0,
  "elapsed_time": 41.497541427612305,
  "pages_per_second": 12.121200020425926,
  "timestamp": "2026-02-02T11:39:46.351678"
}