{
  "total_courses": 3137,
  "total_urls": 4810,
  "total_pages": 210,
  "successful_pages": 210,
  "failed_pages": 0,
  "elapsed_time": 15.99522614479065,
  "pages_per_second": 13.128917221867047,
  "timestamp": "2026-04-27T12:21:42.329750"
}