{
  "total_requested": 5429,
  "successful": 5428,
  "parse_failed": 1,
  "not_found": 0,
  "failed": 0,
  "elapsed_time": 337.5159363746643,
  "courses_per_second": 16.085166402256817,
  "timestamp": "2026-06-03T15:55:08.634172",
  "unique_courses": 5394,
  "duplicates_removed": 35
}