{
  "total_courses": 7549,
  "total_urls": 10498,
  "total_pages": 504,
  "successful_pages": 504,
  "failed_pages": 0,
  "elapsed_time": 43.658055782318115,
  "pages_per_second": 11.544261212935742,
  "timestamp": "2026-03-01T11:26:09.510827"
}