{
  "total_requested": 10471,
  "successful": 10462,
  "parse_failed": 9,
  "not_found": 0,
  "failed": 0,
  "elapsed_time": 706.0004918575287,
  "courses_per_second": 14.83143442641263,
  "timestamp": "2026-03-11T11:49:54.850907",
  "unique_courses": 10410,
  "duplicates_removed": 61
}