{
  "total_courses": 3746,
  "total_urls": 5423,
  "total_pages": 250,
  "successful_pages": 250,
  "failed_pages": 0,
  "elapsed_time": 20.56083393096924,
  "pages_per_second": 12.159039892999855,
  "timestamp": "2026-06-01T16:41:41.029152"
}