{
  "total_courses": 7549,
  "total_urls": 10494,
  "total_pages": 504,
  "successful_pages": 504,
  "failed_pages": 0,
  "elapsed_time": 44.08460211753845,
  "pages_per_second": 11.432563203275244,
  "timestamp": "2026-02-16T11:43:10.910432"
}