{
  "total_courses": 7472,
  "total_urls": 10369,
  "total_pages": 499,
  "successful_pages": 499,
  "failed_pages": 0,
  "elapsed_time": 45.97203874588013,
  "pages_per_second": 10.854423984942779,
  "timestamp": "2025-12-09T11:24:57.141120"
}