{
  "total_requested": 7273,
  "successful": 7263,
  "parse_failed": 10,
  "not_found": 0,
  "failed": 0,
  "elapsed_time": 438.57199478149414,
  "courses_per_second": 16.5833662124814,
  "timestamp": "2026-06-23T13:52:04.044918",
  "unique_courses": 6353,
  "duplicates_removed": 920
}