{
  "total_courses": 7494,
  "total_urls": 10412,
  "total_pages": 500,
  "successful_pages": 500,
  "failed_pages": 0,
  "elapsed_time": 45.61516857147217,
  "pages_per_second": 10.961266080088569,
  "timestamp": "2025-12-16T11:25:33.861906"
}