{
  "total_courses": 3594,
  "total_urls": 5267,
  "total_pages": 240,
  "successful_pages": 240,
  "failed_pages": 0,
  "elapsed_time": 20.52208948135376,
  "pages_per_second": 11.694715599893591,
  "timestamp": "2026-05-06T12:58:05.968297"
}