{
  "total_courses": 5067,
  "total_urls": 7982,
  "total_pages": 338,
  "successful_pages": 338,
  "failed_pages": 0,
  "elapsed_time": 32.09476375579834,
  "pages_per_second": 10.53131291358815,
  "timestamp": "2025-11-28T11:22:02.313113"
}