{
  "total_courses": 7548,
  "total_urls": 10492,
  "total_pages": 504,
  "successful_pages": 504,
  "failed_pages": 0,
  "elapsed_time": 44.88344073295593,
  "pages_per_second": 11.2290856442727,
  "timestamp": "2026-02-20T11:37:38.379227"
}