{
  "total_courses": 7547,
  "total_urls": 10470,
  "total_pages": 504,
  "successful_pages": 504,
  "failed_pages": 0,
  "elapsed_time": 38.7927143573761,
  "pages_per_second": 12.992130309751547,
  "timestamp": "2026-03-22T11:29:19.497461"
}