{
  "total_courses": 5068,
  "total_urls": 7983,
  "total_pages": 338,
  "successful_pages": 338,
  "failed_pages": 0,
  "elapsed_time": 30.343138217926025,
  "pages_per_second": 11.139256512377399,
  "timestamp": "2025-11-25T11:22:37.319472"
}