{
  "total_requested": 10472,
  "successful": 10463,
  "parse_failed": 9,
  "not_found": 0,
  "failed": 0,
  "elapsed_time": 641.3966362476349,
  "courses_per_second": 16.32687078196166,
  "timestamp": "2026-03-10T11:48:11.760384",
  "unique_courses": 10411,
  "duplicates_removed": 61
}