{
  "total_courses": 5053,
  "total_urls": 7948,
  "total_pages": 337,
  "successful_pages": 337,
  "failed_pages": 0,
  "elapsed_time": 31.777392387390137,
  "pages_per_second": 10.605023719118247,
  "timestamp": "2025-11-12T11:21:41.423731"
}