{
  "total_requested": 4587,
  "successful": 4587,
  "parse_failed": 0,
  "not_found": 0,
  "failed": 0,
  "elapsed_time": 311.58788657188416,
  "courses_per_second": 14.721368184323708,
  "timestamp": "2026-04-06T11:57:06.161677",
  "unique_courses": 4587,
  "duplicates_removed": 0
}