{
  "total_courses": 5067,
  "total_urls": 7982,
  "total_pages": 338,
  "successful_pages": 338,
  "failed_pages": 0,
  "elapsed_time": 30.667662382125854,
  "pages_per_second": 11.021381277400451,
  "timestamp": "2025-11-27T11:22:27.182841"
}