{
  "total_courses": 2935,
  "total_urls": 4609,
  "total_pages": 196,
  "successful_pages": 196,
  "failed_pages": 0,
  "elapsed_time": 15.88997197151184,
  "pages_per_second": 12.33482351960069,
  "timestamp": "2026-04-23T12:01:23.265812"
}