{
  "total_requested": 7523,
  "successful": 7514,
  "parse_failed": 9,
  "not_found": 0,
  "failed": 0,
  "elapsed_time": 412.1027522087097,
  "courses_per_second": 18.255155928174855,
  "timestamp": "2026-07-19T12:08:47.949107",
  "unique_courses": 6604,
  "duplicates_removed": 919
}