{
  "total_requested": 10484,
  "successful": 10475,
  "parse_failed": 9,
  "not_found": 0,
  "failed": 0,
  "elapsed_time": 664.4789752960205,
  "courses_per_second": 15.777775354486506,
  "timestamp": "2026-02-02T11:50:51.848796",
  "unique_courses": 10423,
  "duplicates_removed": 61
}