{
  "total_requested": 5423,
  "successful": 5423,
  "parse_failed": 0,
  "not_found": 0,
  "failed": 0,
  "elapsed_time": 368.41263222694397,
  "courses_per_second": 14.719907857718097,
  "timestamp": "2026-05-29T14:16:48.438957",
  "unique_courses": 5389,
  "duplicates_removed": 34
}