{
  "total_requested": 10484,
  "successful": 10475,
  "parse_failed": 9,
  "not_found": 0,
  "failed": 0,
  "elapsed_time": 666.8445847034454,
  "courses_per_second": 15.721804211190188,
  "timestamp": "2026-01-22T11:39:17.847004",
  "unique_courses": 10424,
  "duplicates_removed": 60
}