{
  "total_courses": 7549,
  "total_urls": 10498,
  "total_pages": 504,
  "successful_pages": 504,
  "failed_pages": 0,
  "elapsed_time": 37.7064323425293,
  "pages_per_second": 13.366419697880978,
  "timestamp": "2026-02-27T11:37:11.080644"
}