{
  "total_courses": 2931,
  "total_urls": 4613,
  "total_pages": 196,
  "successful_pages": 196,
  "failed_pages": 0,
  "elapsed_time": 18.25270962715149,
  "pages_per_second": 10.73813170776813,
  "timestamp": "2026-04-16T12:01:03.625546"
}