{
  "total_requested": 10473,
  "successful": 10464,
  "parse_failed": 9,
  "not_found": 0,
  "failed": 0,
  "elapsed_time": 659.3328499794006,
  "courses_per_second": 15.884238136060118,
  "timestamp": "2026-03-08T11:38:34.818869",
  "unique_courses": 10412,
  "duplicates_removed": 61
}