{
  "total_courses": 5515,
  "total_urls": 7271,
  "total_pages": 368,
  "successful_pages": 368,
  "failed_pages": 0,
  "elapsed_time": 24.040342569351196,
  "pages_per_second": 15.307602166583088,
  "timestamp": "2026-06-22T15:57:12.524602"
}