{
  "total_courses": 4982,
  "total_urls": 6744,
  "total_pages": 333,
  "successful_pages": 333,
  "failed_pages": 0,
  "elapsed_time": 24.80720591545105,
  "pages_per_second": 13.423519002298946,
  "timestamp": "2026-06-08T14:50:39.702436"
}