{
  "total_courses": 5517,
  "total_urls": 7281,
  "total_pages": 368,
  "successful_pages": 368,
  "failed_pages": 0,
  "elapsed_time": 28.568712949752808,
  "pages_per_second": 12.881224318618951,
  "timestamp": "2026-06-24T13:25:41.811643"
}