{
  "total_requested": 10492,
  "successful": 10483,
  "parse_failed": 9,
  "not_found": 0,
  "failed": 0,
  "elapsed_time": 687.5902242660522,
  "courses_per_second": 15.259088378109759,
  "timestamp": "2026-02-19T11:54:04.482101",
  "unique_courses": 10431,
  "duplicates_removed": 61
}