{
  "total_requested": 7656,
  "successful": 7647,
  "parse_failed": 9,
  "not_found": 0,
  "failed": 0,
  "elapsed_time": 469.7256634235382,
  "courses_per_second": 16.298875271579114,
  "timestamp": "2025-11-01T11:25:55.635634",
  "unique_courses": 7586,
  "duplicates_removed": 70
}