{
  "total_courses": 5067,
  "total_urls": 7982,
  "total_pages": 338,
  "successful_pages": 338,
  "failed_pages": 0,
  "elapsed_time": 33.11706733703613,
  "pages_per_second": 10.206217735409233,
  "timestamp": "2025-12-01T11:23:27.236348"
}