{
  "total_courses": 7321,
  "total_urls": 10139,
  "total_pages": 489,
  "successful_pages": 489,
  "failed_pages": 0,
  "elapsed_time": 51.75105404853821,
  "pages_per_second": 9.449082902569645,
  "timestamp": "2025-09-02T09:17:33.139393"
}