{
  "total_courses": 2899,
  "total_urls": 4534,
  "total_pages": 194,
  "successful_pages": 194,
  "failed_pages": 0,
  "elapsed_time": 17.953063249588013,
  "pages_per_second": 10.805955357197993,
  "timestamp": "2026-03-23T01:10:07.513135"
}