{
  "total_courses": 5561,
  "total_urls": 7330,
  "total_pages": 371,
  "successful_pages": 371,
  "failed_pages": 0,
  "elapsed_time": 27.548053741455078,
  "pages_per_second": 13.467376079701372,
  "timestamp": "2026-07-07T01:06:24.929872"
}