{
  "total_requested": 7982,
  "successful": 7973,
  "parse_failed": 9,
  "not_found": 0,
  "failed": 0,
  "elapsed_time": 463.8187081813812,
  "courses_per_second": 17.209310144683844,
  "timestamp": "2025-11-30T11:27:23.401051",
  "unique_courses": 7921,
  "duplicates_removed": 61
}