{
  "total_courses": 8010,
  "total_urls": 9783,
  "total_pages": 534,
  "successful_pages": 534,
  "failed_pages": 0,
  "elapsed_time": 33.398834466934204,
  "pages_per_second": 15.988581892840457,
  "timestamp": "2026-07-21T12:25:43.889120"
}