{
  "total_courses": 3740,
  "total_urls": 5415,
  "total_pages": 250,
  "successful_pages": 250,
  "failed_pages": 0,
  "elapsed_time": 20.246362686157227,
  "pages_per_second": 12.347896946987378,
  "timestamp": "2026-05-22T13:33:26.153250"
}