{
  "total_courses": 7496,
  "total_urls": 10415,
  "total_pages": 500,
  "successful_pages": 500,
  "failed_pages": 0,
  "elapsed_time": 41.96467113494873,
  "pages_per_second": 11.914784185776531,
  "timestamp": "2025-12-21T11:20:41.037339"
}