{
  "total_courses": 5573,
  "total_urls": 7342,
  "total_pages": 372,
  "successful_pages": 372,
  "failed_pages": 0,
  "elapsed_time": 28.36671471595764,
  "pages_per_second": 13.113961335491984,
  "timestamp": "2026-07-12T12:03:16.065895"
}