{
  "total_courses": 4600,
  "total_urls": 7167,
  "total_pages": 307,
  "successful_pages": 307,
  "failed_pages": 0,
  "elapsed_time": 19.75323796272278,
  "pages_per_second": 15.541755765781462,
  "timestamp": "2025-09-15T18:05:34.589705"
}