{
  "total_courses": 7547,
  "total_urls": 10470,
  "total_pages": 504,
  "successful_pages": 504,
  "failed_pages": 0,
  "elapsed_time": 34.806965351104736,
  "pages_per_second": 14.479860422075078,
  "timestamp": "2026-03-19T11:40:17.381271"
}