{
  "total_courses": 3604,
  "total_urls": 5280,
  "total_pages": 241,
  "successful_pages": 241,
  "failed_pages": 0,
  "elapsed_time": 19.639963626861572,
  "pages_per_second": 12.270898489363004,
  "timestamp": "2026-05-10T11:56:21.470866"
}