{
  "total_requested": 7341,
  "successful": 7331,
  "parse_failed": 10,
  "not_found": 0,
  "failed": 0,
  "elapsed_time": 505.2760829925537,
  "courses_per_second": 14.528690842681712,
  "timestamp": "2026-07-10T13:23:58.850809",
  "unique_courses": 6421,
  "duplicates_removed": 920
}