{
  "total_courses": 7547,
  "total_urls": 10470,
  "total_pages": 504,
  "successful_pages": 504,
  "failed_pages": 0,
  "elapsed_time": 35.655147075653076,
  "pages_per_second": 14.135406563619357,
  "timestamp": "2026-03-23T11:53:24.100070"
}