{
  "total_courses": 2899,
  "total_urls": 4534,
  "total_pages": 194,
  "successful_pages": 194,
  "failed_pages": 0,
  "elapsed_time": 17.460015058517456,
  "pages_per_second": 11.111101528252215,
  "timestamp": "2026-03-23T00:59:07.040078"
}