{
  "total_courses": 5696,
  "total_urls": 7466,
  "total_pages": 380,
  "successful_pages": 380,
  "failed_pages": 0,
  "elapsed_time": 29.361631870269775,
  "pages_per_second": 12.942059953580793,
  "timestamp": "2026-07-16T12:23:34.629263"
}