{
  "total_courses": 7319,
  "total_urls": 10152,
  "total_pages": 488,
  "successful_pages": 488,
  "failed_pages": 0,
  "elapsed_time": 38.26409387588501,
  "pages_per_second": 12.753470697173618,
  "timestamp": "2025-10-24T17:19:50.341856"
}