{
  "total_courses": 4999,
  "total_urls": 6755,
  "total_pages": 334,
  "successful_pages": 334,
  "failed_pages": 0,
  "elapsed_time": 27.49501323699951,
  "pages_per_second": 12.147657363210236,
  "timestamp": "2026-06-13T12:53:19.130634"
}