{
  "total_courses": 7318,
  "total_urls": 10151,
  "total_pages": 488,
  "successful_pages": 488,
  "failed_pages": 0,
  "elapsed_time": 31.413326025009155,
  "pages_per_second": 15.534808367999224,
  "timestamp": "2025-11-07T17:09:44.167133"
}