{
  "total_requested": 7337,
  "successful": 7327,
  "parse_failed": 10,
  "not_found": 0,
  "failed": 0,
  "elapsed_time": 491.64501571655273,
  "courses_per_second": 14.923369027359342,
  "timestamp": "2026-07-08T12:32:03.935506",
  "unique_courses": 6417,
  "duplicates_removed": 920
}