{
  "total_courses": 3605,
  "total_urls": 5280,
  "total_pages": 241,
  "successful_pages": 241,
  "failed_pages": 0,
  "elapsed_time": 19.502848863601685,
  "pages_per_second": 12.357169031329578,
  "timestamp": "2026-05-16T11:55:39.363460"
}