{
  "total_courses": 3604,
  "total_urls": 5280,
  "total_pages": 241,
  "successful_pages": 241,
  "failed_pages": 0,
  "elapsed_time": 18.224711179733276,
  "pages_per_second": 13.223803528255809,
  "timestamp": "2026-05-11T13:49:36.922467"
}