{
  "total_courses": 5569,
  "total_urls": 7338,
  "total_pages": 372,
  "successful_pages": 372,
  "failed_pages": 0,
  "elapsed_time": 25.091620206832886,
  "pages_per_second": 14.825666773750143,
  "timestamp": "2026-07-09T13:51:42.392332"
}