{
  "total_courses": 5068,
  "total_urls": 7980,
  "total_pages": 338,
  "successful_pages": 338,
  "failed_pages": 0,
  "elapsed_time": 32.510111570358276,
  "pages_per_second": 10.396765303880963,
  "timestamp": "2025-11-24T11:22:13.926853"
}