{
  "total_requested": 7777,
  "successful": 7768,
  "parse_failed": 9,
  "not_found": 0,
  "failed": 0,
  "elapsed_time": 472.4506103992462,
  "courses_per_second": 16.460979896772734,
  "timestamp": "2025-11-06T11:29:23.684210",
  "unique_courses": 7718,
  "duplicates_removed": 59
}