{
  "total_requested": 10494,
  "successful": 10485,
  "parse_failed": 9,
  "not_found": 0,
  "failed": 0,
  "elapsed_time": 659.972579240799,
  "courses_per_second": 15.90066061846357,
  "timestamp": "2026-02-16T11:54:11.867080",
  "unique_courses": 10433,
  "duplicates_removed": 61
}