{
  "total_requested": 6884,
  "successful": 6874,
  "parse_failed": 10,
  "not_found": 0,
  "failed": 0,
  "elapsed_time": 392.0203366279602,
  "courses_per_second": 17.560313475607096,
  "timestamp": "2026-06-18T14:19:48.556068",
  "unique_courses": 6000,
  "duplicates_removed": 884
}