{
  "total_requested": 7914,
  "successful": 7905,
  "parse_failed": 9,
  "not_found": 0,
  "failed": 0,
  "elapsed_time": 479.7368423938751,
  "courses_per_second": 16.49654414805695,
  "timestamp": "2025-11-19T11:29:45.381955",
  "unique_courses": 7854,
  "duplicates_removed": 60
}