{
  "total_courses": 5067,
  "total_urls": 7982,
  "total_pages": 338,
  "successful_pages": 338,
  "failed_pages": 0,
  "elapsed_time": 31.550040006637573,
  "pages_per_second": 10.713140139565299,
  "timestamp": "2025-11-29T11:19:46.731288"
}