{
  "total_courses": 4992,
  "total_urls": 6748,
  "total_pages": 333,
  "successful_pages": 333,
  "failed_pages": 0,
  "elapsed_time": 20.952111959457397,
  "pages_per_second": 15.893385862215666,
  "timestamp": "2026-06-11T14:41:47.860771"
}