{
  "total_courses": 3599,
  "total_urls": 5275,
  "total_pages": 240,
  "successful_pages": 240,
  "failed_pages": 0,
  "elapsed_time": 17.793111324310303,
  "pages_per_second": 13.48836612246076,
  "timestamp": "2026-05-07T12:59:47.684884"
}