{
  "total_courses": 7551,
  "total_urls": 10479,
  "total_pages": 504,
  "successful_pages": 504,
  "failed_pages": 0,
  "elapsed_time": 44.02644443511963,
  "pages_per_second": 11.447665294496556,
  "timestamp": "2026-01-19T11:27:13.438547"
}