{
  "total_requested": 5275,
  "successful": 5275,
  "parse_failed": 0,
  "not_found": 0,
  "failed": 0,
  "elapsed_time": 311.6633005142212,
  "courses_per_second": 16.925316491536357,
  "timestamp": "2026-05-07T13:05:00.245803",
  "unique_courses": 5241,
  "duplicates_removed": 34
}