{
  "total_courses": 2934,
  "total_urls": 4616,
  "total_pages": 196,
  "successful_pages": 196,
  "failed_pages": 0,
  "elapsed_time": 16.412185668945312,
  "pages_per_second": 11.942346007629308,
  "timestamp": "2026-04-20T12:08:14.199080"
}