{
  "total_courses": 7547,
  "total_urls": 10470,
  "total_pages": 504,
  "successful_pages": 504,
  "failed_pages": 0,
  "elapsed_time": 44.68655514717102,
  "pages_per_second": 11.278560147232714,
  "timestamp": "2026-03-17T11:47:03.598270"
}