{
  "total_courses": 2926,
  "total_urls": 4602,
  "total_pages": 196,
  "successful_pages": 196,
  "failed_pages": 0,
  "elapsed_time": 17.958357095718384,
  "pages_per_second": 10.914138690711866,
  "timestamp": "2026-04-10T11:52:29.679356"
}