{
  "total_courses": 7549,
  "total_urls": 10494,
  "total_pages": 504,
  "successful_pages": 504,
  "failed_pages": 0,
  "elapsed_time": 43.562532901763916,
  "pages_per_second": 11.569575192896835,
  "timestamp": "2026-02-22T11:27:32.815596"
}