{
  "total_courses": 7545,
  "total_urls": 10464,
  "total_pages": 503,
  "successful_pages": 503,
  "failed_pages": 0,
  "elapsed_time": 44.526572704315186,
  "pages_per_second": 11.296625126309193,
  "timestamp": "2026-01-04T11:21:14.615508"
}