{
  "total_requested": 10470,
  "successful": 10461,
  "parse_failed": 9,
  "not_found": 0,
  "failed": 0,
  "elapsed_time": 591.9724237918854,
  "courses_per_second": 17.68663467959252,
  "timestamp": "2026-03-22T11:39:12.343614",
  "unique_courses": 10409,
  "duplicates_removed": 61
}