{
  "total_courses": 8012,
  "total_urls": 9785,
  "total_pages": 535,
  "successful_pages": 535,
  "failed_pages": 0,
  "elapsed_time": 31.842464208602905,
  "pages_per_second": 16.801463495261103,
  "timestamp": "2026-07-22T12:28:04.691998"
}