{
  "total_courses": 2911,
  "total_urls": 4533,
  "total_pages": 195,
  "successful_pages": 195,
  "failed_pages": 0,
  "elapsed_time": 16.948655128479004,
  "pages_per_second": 11.505337651973308,
  "timestamp": "2026-03-26T11:53:53.128797"
}