{
  "total_courses": 7375,
  "total_urls": 10184,
  "total_pages": 492,
  "successful_pages": 492,
  "failed_pages": 0,
  "elapsed_time": 59.38202691078186,
  "pages_per_second": 8.285335236858826,
  "timestamp": "2025-08-25T14:54:42.124890"
}