{
  "total_requested": 4613,
  "successful": 4613,
  "parse_failed": 0,
  "not_found": 0,
  "failed": 0,
  "elapsed_time": 319.5489499568939,
  "courses_per_second": 14.435972956951597,
  "timestamp": "2026-04-24T12:06:09.696855",
  "unique_courses": 4613,
  "duplicates_removed": 0
}