{
  "total_courses": 7496,
  "total_urls": 10416,
  "total_pages": 500,
  "successful_pages": 500,
  "failed_pages": 0,
  "elapsed_time": 37.89673662185669,
  "pages_per_second": 13.193748184418295,
  "timestamp": "2025-12-27T11:20:42.556396"
}