{
  "total_courses": 5648,
  "total_urls": 7418,
  "total_pages": 377,
  "successful_pages": 377,
  "failed_pages": 0,
  "elapsed_time": 20.537423133850098,
  "pages_per_second": 18.356733342004468,
  "timestamp": "2026-07-15T12:19:09.877915"
}