{
  "total_courses": 7547,
  "total_urls": 10471,
  "total_pages": 504,
  "successful_pages": 504,
  "failed_pages": 0,
  "elapsed_time": 46.90257263183594,
  "pages_per_second": 10.745679217986035,
  "timestamp": "2026-03-12T11:35:51.752894"
}