{
  "total_requested": 5280,
  "successful": 5280,
  "parse_failed": 0,
  "not_found": 0,
  "failed": 0,
  "elapsed_time": 364.33705949783325,
  "courses_per_second": 14.492075023269491,
  "timestamp": "2026-05-09T12:00:41.942253",
  "unique_courses": 5246,
  "duplicates_removed": 34
}