{
  "total_courses": 5130,
  "total_urls": 6886,
  "total_pages": 342,
  "successful_pages": 342,
  "failed_pages": 0,
  "elapsed_time": 25.883240461349487,
  "pages_per_second": 13.213183276286303,
  "timestamp": "2026-06-21T13:11:05.794254"
}