{
  "total_requested": 10407,
  "successful": 10398,
  "parse_failed": 9,
  "not_found": 0,
  "failed": 0,
  "elapsed_time": 594.7136499881744,
  "courses_per_second": 17.499177966079873,
  "timestamp": "2025-12-13T11:30:23.524619",
  "unique_courses": 10347,
  "duplicates_removed": 60
}