{
  "total_courses": 3339,
  "total_urls": 5012,
  "total_pages": 223,
  "successful_pages": 223,
  "failed_pages": 0,
  "elapsed_time": 19.101067066192627,
  "pages_per_second": 11.674740433464699,
  "timestamp": "2026-04-29T12:19:36.803137"
}