{
  "total_courses": 2912,
  "total_urls": 4573,
  "total_pages": 195,
  "successful_pages": 195,
  "failed_pages": 0,
  "elapsed_time": 20.439534664154053,
  "pages_per_second": 9.54033461153019,
  "timestamp": "2026-03-28T11:33:36.084092"
}