{
  "total_courses": 4883,
  "total_urls": 7654,
  "total_pages": 326,
  "successful_pages": 326,
  "failed_pages": 0,
  "elapsed_time": 30.40253710746765,
  "pages_per_second": 10.722789313524954,
  "timestamp": "2025-10-31T11:19:51.048448"
}