{
  "total_courses": 7495,
  "total_urls": 10407,
  "total_pages": 500,
  "successful_pages": 500,
  "failed_pages": 0,
  "elapsed_time": 42.25103831291199,
  "pages_per_second": 11.834028700004733,
  "timestamp": "2025-12-15T11:25:01.298055"
}