{
  "total_courses": 5061,
  "total_urls": 7957,
  "total_pages": 338,
  "successful_pages": 338,
  "failed_pages": 0,
  "elapsed_time": 32.945966958999634,
  "pages_per_second": 10.259222332755687,
  "timestamp": "2025-11-13T11:22:11.732130"
}