{
  "total_courses": 7537,
  "total_urls": 10480,
  "total_pages": 503,
  "successful_pages": 503,
  "failed_pages": 0,
  "elapsed_time": 41.76147198677063,
  "pages_per_second": 12.044594600481094,
  "timestamp": "2026-02-08T11:28:22.956228"
}