{
  "total_courses": 4833,
  "total_urls": 7591,
  "total_pages": 323,
  "successful_pages": 323,
  "failed_pages": 0,
  "elapsed_time": 27.44289517402649,
  "pages_per_second": 11.769895193336069,
  "timestamp": "2025-10-20T00:58:22.776441"
}