{
  "total_requested": 10498,
  "successful": 10489,
  "parse_failed": 9,
  "not_found": 0,
  "failed": 0,
  "elapsed_time": 584.3549933433533,
  "courses_per_second": 17.965107031834023,
  "timestamp": "2026-02-27T11:46:56.312513",
  "unique_courses": 10437,
  "duplicates_removed": 61
}