{
  "total_courses": 2928,
  "total_urls": 4607,
  "total_pages": 196,
  "successful_pages": 196,
  "failed_pages": 0,
  "elapsed_time": 17.730086088180542,
  "pages_per_second": 11.054655855882169,
  "timestamp": "2026-04-12T11:38:19.738337"
}