{
  "total_courses": 2928,
  "total_urls": 4592,
  "total_pages": 196,
  "successful_pages": 196,
  "failed_pages": 0,
  "elapsed_time": 18.940418243408203,
  "pages_per_second": 10.348240333510772,
  "timestamp": "2026-04-09T11:57:42.408197"
}