{
  "total_courses": 2921,
  "total_urls": 4584,
  "total_pages": 195,
  "successful_pages": 195,
  "failed_pages": 0,
  "elapsed_time": 18.630263328552246,
  "pages_per_second": 10.466840782714444,
  "timestamp": "2026-04-03T11:40:58.134832"
}