{
  "total_courses": 4957,
  "total_urls": 7836,
  "total_pages": 331,
  "successful_pages": 331,
  "failed_pages": 0,
  "elapsed_time": 29.882691621780396,
  "pages_per_second": 11.076646113054498,
  "timestamp": "2025-11-09T11:18:17.161490"
}