{
  "total_courses": 7547,
  "total_urls": 10470,
  "total_pages": 504,
  "successful_pages": 504,
  "failed_pages": 0,
  "elapsed_time": 42.80393314361572,
  "pages_per_second": 11.774618895627642,
  "timestamp": "2026-03-20T11:36:42.962726"
}