{
  "total_courses": 7542,
  "total_urls": 10475,
  "total_pages": 503,
  "successful_pages": 503,
  "failed_pages": 0,
  "elapsed_time": 37.67350769042969,
  "pages_per_second": 13.351557389697975,
  "timestamp": "2026-01-24T11:22:36.111440"
}