{
  "total_courses": 7314,
  "total_urls": 10128,
  "total_pages": 488,
  "successful_pages": 488,
  "failed_pages": 0,
  "elapsed_time": 172.00567197799683,
  "pages_per_second": 2.8371157438484094,
  "timestamp": "2025-08-27T18:40:44.517407"
}