{
  "total_courses": 7496,
  "total_urls": 10415,
  "total_pages": 500,
  "successful_pages": 500,
  "failed_pages": 0,
  "elapsed_time": 40.346049547195435,
  "pages_per_second": 12.392787041395888,
  "timestamp": "2025-12-22T11:23:30.532950"
}