{
  "total_courses": 3605,
  "total_urls": 5280,
  "total_pages": 241,
  "successful_pages": 241,
  "failed_pages": 0,
  "elapsed_time": 15.401595830917358,
  "pages_per_second": 15.647729147405203,
  "timestamp": "2026-05-13T13:19:45.133963"
}