{
  "total_courses": 7538,
  "total_urls": 10479,
  "total_pages": 503,
  "successful_pages": 503,
  "failed_pages": 0,
  "elapsed_time": 34.548733711242676,
  "pages_per_second": 14.559144314927996,
  "timestamp": "2026-02-05T11:39:30.994439"
}