{
  "total_courses": 7461,
  "total_urls": 10359,
  "total_pages": 498,
  "successful_pages": 498,
  "failed_pages": 0,
  "elapsed_time": 40.922935485839844,
  "pages_per_second": 12.169214991244164,
  "timestamp": "2025-12-05T11:23:24.576488"
}