{
  "total_courses": 7548,
  "total_urls": 10492,
  "total_pages": 504,
  "successful_pages": 504,
  "failed_pages": 0,
  "elapsed_time": 44.041905879974365,
  "pages_per_second": 11.443646452847226,
  "timestamp": "2026-02-19T11:42:36.021959"
}