{
  "total_requested": 7167,
  "successful": 7166,
  "parse_failed": 0,
  "not_found": 1,
  "failed": 0,
  "elapsed_time": 207.57164096832275,
  "courses_per_second": 34.52783803493536,
  "timestamp": "2025-09-15T18:09:02.973481",
  "unique_courses": 7116,
  "duplicates_removed": 51
}