{
  "total_courses": 5071,
  "total_urls": 7986,
  "total_pages": 339,
  "successful_pages": 339,
  "failed_pages": 0,
  "elapsed_time": 30.995923042297363,
  "pages_per_second": 10.936922237721298,
  "timestamp": "2025-12-02T11:24:51.770808"
}