{
  "total_requested": 10482,
  "successful": 10473,
  "parse_failed": 9,
  "not_found": 0,
  "failed": 0,
  "elapsed_time": 660.040295124054,
  "courses_per_second": 15.880848604902097,
  "timestamp": "2026-01-31T11:37:19.837084",
  "unique_courses": 10421,
  "duplicates_removed": 61
}