{
  "total_requested": 5267,
  "successful": 5267,
  "parse_failed": 0,
  "not_found": 0,
  "failed": 0,
  "elapsed_time": 367.04380321502686,
  "courses_per_second": 14.34978592163947,
  "timestamp": "2026-05-06T13:04:13.970123",
  "unique_courses": 5233,
  "duplicates_removed": 34
}