{
  "total_courses": 2931,
  "total_urls": 4610,
  "total_pages": 196,
  "successful_pages": 196,
  "failed_pages": 0,
  "elapsed_time": 18.674031734466553,
  "pages_per_second": 10.49585878330944,
  "timestamp": "2026-04-14T12:00:13.694603"
}