{
  "total_requested": 5282,
  "successful": 5282,
  "parse_failed": 0,
  "not_found": 0,
  "failed": 0,
  "elapsed_time": 338.3492000102997,
  "courses_per_second": 15.61109055330768,
  "timestamp": "2026-05-19T14:02:13.707122",
  "unique_courses": 5248,
  "duplicates_removed": 34
}