{
  "total_courses": 7540,
  "total_urls": 10480,
  "total_pages": 503,
  "successful_pages": 503,
  "failed_pages": 0,
  "elapsed_time": 40.9946722984314,
  "pages_per_second": 12.269887080405972,
  "timestamp": "2026-01-30T11:34:12.761695"
}