{
  "total_requested": 4602,
  "successful": 4602,
  "parse_failed": 0,
  "not_found": 0,
  "failed": 0,
  "elapsed_time": 322.5051383972168,
  "courses_per_second": 14.269540085069588,
  "timestamp": "2026-04-10T11:57:53.138404",
  "unique_courses": 4602,
  "duplicates_removed": 0
}