{
  "total_requested": 5420,
  "successful": 5420,
  "parse_failed": 0,
  "not_found": 0,
  "failed": 0,
  "elapsed_time": 364.8341498374939,
  "courses_per_second": 14.856065427028147,
  "timestamp": "2026-05-23T12:08:36.707266",
  "unique_courses": 5386,
  "duplicates_removed": 34
}