{
  "total_courses": 7549,
  "total_urls": 10473,
  "total_pages": 504,
  "successful_pages": 504,
  "failed_pages": 0,
  "elapsed_time": 42.48237490653992,
  "pages_per_second": 11.863743519725215,
  "timestamp": "2026-03-08T11:27:34.553453"
}