{
  "total_courses": 3759,
  "total_urls": 5428,
  "total_pages": 251,
  "successful_pages": 251,
  "failed_pages": 0,
  "elapsed_time": 21.45316505432129,
  "pages_per_second": 11.699905322335704,
  "timestamp": "2026-06-04T14:06:55.469688"
}