{
  "total_courses": 7375,
  "total_urls": 10184,
  "total_pages": 492,
  "successful_pages": 492,
  "failed_pages": 0,
  "elapsed_time": 40.24858498573303,
  "pages_per_second": 12.224032228074599,
  "timestamp": "2025-08-25T14:40:47.896380"
}