{
  "total_requested": 4617,
  "successful": 4617,
  "parse_failed": 0,
  "not_found": 0,
  "failed": 0,
  "elapsed_time": 300.01130199432373,
  "courses_per_second": 15.389420229533068,
  "timestamp": "2026-04-22T12:06:10.133628",
  "unique_courses": 4617,
  "duplicates_removed": 0
}