{
  "total_courses": 5050,
  "total_urls": 7930,
  "total_pages": 337,
  "successful_pages": 337,
  "failed_pages": 0,
  "elapsed_time": 31.564502477645874,
  "pages_per_second": 10.676550350782971,
  "timestamp": "2025-11-10T11:21:02.131190"
}