{
  "total_requested": 10498,
  "successful": 10489,
  "parse_failed": 9,
  "not_found": 0,
  "failed": 0,
  "elapsed_time": 654.7737345695496,
  "courses_per_second": 16.033019416854618,
  "timestamp": "2026-02-28T11:35:58.752258",
  "unique_courses": 10437,
  "duplicates_removed": 61
}