{
  "total_courses": 5052,
  "total_urls": 7933,
  "total_pages": 337,
  "successful_pages": 337,
  "failed_pages": 0,
  "elapsed_time": 30.603501558303833,
  "pages_per_second": 11.011811813689658,
  "timestamp": "2025-11-11T11:21:33.282507"
}