{
  "total_requested": 10134,
  "successful": 10124,
  "parse_failed": 10,
  "not_found": 0,
  "failed": 0,
  "elapsed_time": 364.30274415016174,
  "courses_per_second": 27.817523097830062,
  "timestamp": "2025-08-29T19:38:42.238283",
  "unique_courses": 10085,
  "duplicates_removed": 49
}