{
  "total_courses": 7319,
  "total_urls": 10152,
  "total_pages": 488,
  "successful_pages": 488,
  "failed_pages": 0,
  "elapsed_time": 44.776947021484375,
  "pages_per_second": 10.898465225104635,
  "timestamp": "2025-10-24T17:00:27.033634"
}