{
  "total_requested": 7649,
  "successful": 7639,
  "parse_failed": 10,
  "not_found": 0,
  "failed": 0,
  "elapsed_time": 480.0595934391022,
  "courses_per_second": 15.933438482508551,
  "timestamp": "2025-10-30T18:29:11.097043",
  "unique_courses": 7578,
  "duplicates_removed": 71
}