{
  "total_courses": 2913,
  "total_urls": 4574,
  "total_pages": 195,
  "successful_pages": 195,
  "failed_pages": 0,
  "elapsed_time": 17.09135627746582,
  "pages_per_second": 11.409275942430542,
  "timestamp": "2026-03-29T11:34:23.631143"
}