{
  "total_courses": 5066,
  "total_urls": 7978,
  "total_pages": 338,
  "successful_pages": 338,
  "failed_pages": 0,
  "elapsed_time": 30.281394720077515,
  "pages_per_second": 11.16196935856113,
  "timestamp": "2025-11-22T11:18:03.850296"
}