{
  "total_courses": 7547,
  "total_urls": 10471,
  "total_pages": 504,
  "successful_pages": 504,
  "failed_pages": 0,
  "elapsed_time": 44.05297517776489,
  "pages_per_second": 11.440770980080972,
  "timestamp": "2026-03-11T11:38:07.906297"
}