{
  "total_requested": 10477,
  "successful": 10468,
  "parse_failed": 9,
  "not_found": 0,
  "failed": 0,
  "elapsed_time": 667.8389353752136,
  "courses_per_second": 15.687914323404462,
  "timestamp": "2026-02-10T12:05:48.209270",
  "unique_courses": 10416,
  "duplicates_removed": 61
}