{
  "total_courses": 4953,
  "total_urls": 7831,
  "total_pages": 331,
  "successful_pages": 331,
  "failed_pages": 0,
  "elapsed_time": 22.011090755462646,
  "pages_per_second": 15.037873573705266,
  "timestamp": "2025-11-07T17:16:01.370729"
}