{
  "total_requested": 6748,
  "successful": 6738,
  "parse_failed": 10,
  "not_found": 0,
  "failed": 0,
  "elapsed_time": 375.9697449207306,
  "courses_per_second": 17.948252728215532,
  "timestamp": "2026-06-11T14:48:04.894837",
  "unique_courses": 5865,
  "duplicates_removed": 883
}