{
  "total_requested": 7982,
  "successful": 7973,
  "parse_failed": 9,
  "not_found": 0,
  "failed": 0,
  "elapsed_time": 469.7527549266815,
  "courses_per_second": 16.99191737842138,
  "timestamp": "2025-12-01T11:31:18.048534",
  "unique_courses": 7921,
  "duplicates_removed": 61
}