{
  "total_courses": 3744,
  "total_urls": 5420,
  "total_pages": 250,
  "successful_pages": 250,
  "failed_pages": 0,
  "elapsed_time": 20.068893909454346,
  "pages_per_second": 12.457089121499934,
  "timestamp": "2026-05-23T12:02:30.980148"
}