{
  "total_requested": 6739,
  "successful": 6729,
  "parse_failed": 10,
  "not_found": 0,
  "failed": 0,
  "elapsed_time": 437.7275288105011,
  "courses_per_second": 15.39542193819255,
  "timestamp": "2026-06-09T13:53:39.577827",
  "unique_courses": 5858,
  "duplicates_removed": 881
}