{
  "total_courses": 7496,
  "total_urls": 10416,
  "total_pages": 500,
  "successful_pages": 500,
  "failed_pages": 0,
  "elapsed_time": 42.488059997558594,
  "pages_per_second": 11.76801200216556,
  "timestamp": "2025-12-31T11:23:54.039609"
}