{
  "total_requested": 7656,
  "successful": 7647,
  "parse_failed": 9,
  "not_found": 0,
  "failed": 0,
  "elapsed_time": 468.6012020111084,
  "courses_per_second": 16.33798626026254,
  "timestamp": "2025-11-03T11:28:18.145562",
  "unique_courses": 7586,
  "duplicates_removed": 70
}