{
  "total_courses": 5130,
  "total_urls": 6886,
  "total_pages": 342,
  "successful_pages": 342,
  "failed_pages": 0,
  "elapsed_time": 26.691169500350952,
  "pages_per_second": 12.813226486591498,
  "timestamp": "2026-06-19T14:14:58.691385"
}