{
  "total_requested": 4534,
  "successful": 4534,
  "parse_failed": 0,
  "not_found": 0,
  "failed": 0,
  "elapsed_time": 285.1594400405884,
  "courses_per_second": 15.899876922730138,
  "timestamp": "2026-03-23T01:14:53.601147",
  "unique_courses": 4534,
  "duplicates_removed": 0
}