{
  "total_courses": 2934,
  "total_urls": 4617,
  "total_pages": 196,
  "successful_pages": 196,
  "failed_pages": 0,
  "elapsed_time": 17.04783606529236,
  "pages_per_second": 11.497060345332383,
  "timestamp": "2026-04-21T12:02:07.245801"
}