{
  "total_courses": 4972,
  "total_urls": 6728,
  "total_pages": 332,
  "successful_pages": 332,
  "failed_pages": 0,
  "elapsed_time": 25.615790367126465,
  "pages_per_second": 12.960755660542329,
  "timestamp": "2026-06-07T12:23:22.145180"
}