{
  "total_courses": 7543,
  "total_urls": 10476,
  "total_pages": 503,
  "successful_pages": 503,
  "failed_pages": 0,
  "elapsed_time": 46.053958892822266,
  "pages_per_second": 10.92197092481435,
  "timestamp": "2026-01-26T11:26:42.150689"
}