{
  "total_courses": 7549,
  "total_urls": 10494,
  "total_pages": 504,
  "successful_pages": 504,
  "failed_pages": 0,
  "elapsed_time": 43.27001094818115,
  "pages_per_second": 11.647789981000352,
  "timestamp": "2026-02-17T11:43:16.979702"
}