{
  "total_courses": 2923,
  "total_urls": 4585,
  "total_pages": 195,
  "successful_pages": 195,
  "failed_pages": 0,
  "elapsed_time": 18.640221118927002,
  "pages_per_second": 10.46124929290672,
  "timestamp": "2026-04-07T11:56:26.709734"
}