{
  "total_courses": 2933,
  "total_urls": 4615,
  "total_pages": 196,
  "successful_pages": 196,
  "failed_pages": 0,
  "elapsed_time": 13.101410865783691,
  "pages_per_second": 14.960220850098178,
  "timestamp": "2026-04-17T11:54:51.788816"
}