{
  "total_courses": 4884,
  "total_urls": 7656,
  "total_pages": 326,
  "successful_pages": 326,
  "failed_pages": 0,
  "elapsed_time": 29.63084077835083,
  "pages_per_second": 11.00205027722957,
  "timestamp": "2025-11-01T11:18:04.926116"
}