{
  "total_requested": 10149,
  "successful": 10139,
  "parse_failed": 10,
  "not_found": 0,
  "failed": 0,
  "elapsed_time": 316.90141105651855,
  "courses_per_second": 32.0257330699924,
  "timestamp": "2025-09-11T13:16:05.389703",
  "unique_courses": 10099,
  "duplicates_removed": 50
}