{
  "total_courses": 5066,
  "total_urls": 7981,
  "total_pages": 338,
  "successful_pages": 338,
  "failed_pages": 0,
  "elapsed_time": 30.397634744644165,
  "pages_per_second": 11.119286182605148,
  "timestamp": "2025-11-26T11:22:18.182020"
}