{
  "total_courses": 7537,
  "total_urls": 10480,
  "total_pages": 503,
  "successful_pages": 503,
  "failed_pages": 0,
  "elapsed_time": 43.5749351978302,
  "pages_per_second": 11.543333288193777,
  "timestamp": "2026-02-07T11:27:25.911286"
}