{
  "total_requested": 10470,
  "successful": 10461,
  "parse_failed": 9,
  "not_found": 0,
  "failed": 0,
  "elapsed_time": 653.7859659194946,
  "courses_per_second": 16.014415337403015,
  "timestamp": "2026-03-15T11:42:49.966752",
  "unique_courses": 10409,
  "duplicates_removed": 61
}