{
  "total_requested": 10184,
  "successful": 10174,
  "parse_failed": 10,
  "not_found": 0,
  "failed": 0,
  "elapsed_time": 270.9811656475067,
  "courses_per_second": 37.5819477182683,
  "timestamp": "2025-08-25T14:45:19.749385",
  "unique_courses": 10085,
  "duplicates_removed": 99
}