{
  "total_requested": 7335,
  "successful": 7325,
  "parse_failed": 10,
  "not_found": 0,
  "failed": 0,
  "elapsed_time": 511.25032329559326,
  "courses_per_second": 14.347179191433138,
  "timestamp": "2026-07-07T13:31:47.422148",
  "unique_courses": 6415,
  "duplicates_removed": 920
}