{
  "total_courses": 7549,
  "total_urls": 10494,
  "total_pages": 504,
  "successful_pages": 504,
  "failed_pages": 0,
  "elapsed_time": 43.31201243400574,
  "pages_per_second": 11.6364946276265,
  "timestamp": "2026-02-13T11:35:44.020336"
}