{
  "total_requested": 5423,
  "successful": 5423,
  "parse_failed": 0,
  "not_found": 0,
  "failed": 0,
  "elapsed_time": 370.47925901412964,
  "courses_per_second": 14.637796497517755,
  "timestamp": "2026-06-01T16:47:52.479768",
  "unique_courses": 5389,
  "duplicates_removed": 34
}