{
  "total_requested": 8044,
  "successful": 8035,
  "parse_failed": 9,
  "not_found": 0,
  "failed": 0,
  "elapsed_time": 469.4502201080322,
  "courses_per_second": 17.134937114629267,
  "timestamp": "2025-12-03T11:31:24.921136",
  "unique_courses": 7984,
  "duplicates_removed": 60
}