{
  "total_requested": 10415,
  "successful": 10406,
  "parse_failed": 9,
  "not_found": 0,
  "failed": 0,
  "elapsed_time": 622.7090723514557,
  "courses_per_second": 16.725306346784354,
  "timestamp": "2025-12-20T11:30:43.191244",
  "unique_courses": 10355,
  "duplicates_removed": 60
}