{
  "total_courses": 7549,
  "total_urls": 10473,
  "total_pages": 504,
  "successful_pages": 504,
  "failed_pages": 0,
  "elapsed_time": 42.05774641036987,
  "pages_per_second": 11.9835236791416,
  "timestamp": "2026-03-06T11:35:06.278887"
}