{
  "total_requested": 7836,
  "successful": 7827,
  "parse_failed": 9,
  "not_found": 0,
  "failed": 0,
  "elapsed_time": 500.01133251190186,
  "courses_per_second": 15.671644801797523,
  "timestamp": "2025-11-08T11:26:57.230975",
  "unique_courses": 7776,
  "duplicates_removed": 60
}