{
  "total_requested": 10471,
  "successful": 10462,
  "parse_failed": 9,
  "not_found": 0,
  "failed": 0,
  "elapsed_time": 734.685994386673,
  "courses_per_second": 14.252347370173226,
  "timestamp": "2026-03-12T11:48:07.442838",
  "unique_courses": 10410,
  "duplicates_removed": 61
}