{
  "total_courses": 7547,
  "total_urls": 10470,
  "total_pages": 504,
  "successful_pages": 504,
  "failed_pages": 0,
  "elapsed_time": 41.84436559677124,
  "pages_per_second": 12.04463236118196,
  "timestamp": "2026-03-21T11:28:31.843530"
}