{
  "total_courses": 7375,
  "total_urls": 10184,
  "total_pages": 492,
  "successful_pages": 492,
  "failed_pages": 0,
  "elapsed_time": 56.517887115478516,
  "pages_per_second": 8.705208653584934,
  "timestamp": "2025-08-25T14:32:03.120527"
}