{
  "total_courses": 3605,
  "total_urls": 5280,
  "total_pages": 241,
  "successful_pages": 241,
  "failed_pages": 0,
  "elapsed_time": 17.307517766952515,
  "pages_per_second": 13.924584867979885,
  "timestamp": "2026-05-15T12:57:28.587790"
}