{
  "total_requested": 10470,
  "successful": 10461,
  "parse_failed": 9,
  "not_found": 0,
  "failed": 0,
  "elapsed_time": 686.5528492927551,
  "courses_per_second": 15.250100572425787,
  "timestamp": "2026-03-17T11:58:31.154399",
  "unique_courses": 10409,
  "duplicates_removed": 61
}