{
  "total_courses": 2928,
  "total_urls": 4607,
  "total_pages": 196,
  "successful_pages": 196,
  "failed_pages": 0,
  "elapsed_time": 18.644730806350708,
  "pages_per_second": 10.51235343839017,
  "timestamp": "2026-04-11T11:35:35.555616"
}