{
  "total_courses": 3744,
  "total_urls": 5420,
  "total_pages": 250,
  "successful_pages": 250,
  "failed_pages": 0,
  "elapsed_time": 19.53011202812195,
  "pages_per_second": 12.80074582470485,
  "timestamp": "2026-05-24T12:02:57.246141"
}