{
  "total_courses": 7549,
  "total_urls": 10477,
  "total_pages": 504,
  "successful_pages": 504,
  "failed_pages": 0,
  "elapsed_time": 43.9994375705719,
  "pages_per_second": 11.454691873995449,
  "timestamp": "2026-01-16T11:25:13.510214"
}