{
  "total_requested": 10412,
  "successful": 10403,
  "parse_failed": 9,
  "not_found": 0,
  "failed": 0,
  "elapsed_time": 600.1553075313568,
  "courses_per_second": 17.348842656791792,
  "timestamp": "2025-12-17T11:35:38.929931",
  "unique_courses": 10352,
  "duplicates_removed": 60
}