{
  "total_requested": 4585,
  "successful": 4585,
  "parse_failed": 0,
  "not_found": 0,
  "failed": 0,
  "elapsed_time": 311.0733861923218,
  "courses_per_second": 14.739287266334363,
  "timestamp": "2026-04-08T12:02:37.633143",
  "unique_courses": 4585,
  "duplicates_removed": 0
}