{
  "total_courses": 3605,
  "total_urls": 5280,
  "total_pages": 241,
  "successful_pages": 241,
  "failed_pages": 0,
  "elapsed_time": 19.005738258361816,
  "pages_per_second": 12.680380878862676,
  "timestamp": "2026-05-14T12:55:44.272080"
}