{
  "total_requested": 4572,
  "successful": 4572,
  "parse_failed": 0,
  "not_found": 0,
  "failed": 0,
  "elapsed_time": 307.9823932647705,
  "courses_per_second": 14.845004454749725,
  "timestamp": "2026-03-27T11:50:26.105358",
  "unique_courses": 4572,
  "duplicates_removed": 0
}