{
  "total_courses": 5581,
  "total_urls": 7350,
  "total_pages": 373,
  "successful_pages": 373,
  "failed_pages": 0,
  "elapsed_time": 25.20187520980835,
  "pages_per_second": 14.800485951729165,
  "timestamp": "2026-07-14T12:18:00.933783"
}