{
  "total_courses": 7316,
  "total_urls": 10146,
  "total_pages": 488,
  "successful_pages": 488,
  "failed_pages": 0,
  "elapsed_time": 31.788748025894165,
  "pages_per_second": 15.351343802608701,
  "timestamp": "2025-09-15T18:00:12.239788"
}