{
  "total_courses": 5068,
  "total_urls": 7980,
  "total_pages": 338,
  "successful_pages": 338,
  "failed_pages": 0,
  "elapsed_time": 33.018089294433594,
  "pages_per_second": 10.236812826627805,
  "timestamp": "2025-11-23T11:19:19.940838"
}