{
  "total_requested": 4574,
  "successful": 4574,
  "parse_failed": 0,
  "not_found": 0,
  "failed": 0,
  "elapsed_time": 315.0037624835968,
  "courses_per_second": 14.520461482545569,
  "timestamp": "2026-03-30T12:01:23.784735",
  "unique_courses": 4574,
  "duplicates_removed": 0
}