{
  "total_requested": 7959,
  "successful": 7950,
  "parse_failed": 9,
  "not_found": 0,
  "failed": 0,
  "elapsed_time": 488.08197712898254,
  "courses_per_second": 16.306686935700398,
  "timestamp": "2025-11-14T11:29:13.630904",
  "unique_courses": 7898,
  "duplicates_removed": 61
}