{
  "total_requested": 5281,
  "successful": 5281,
  "parse_failed": 0,
  "not_found": 0,
  "failed": 0,
  "elapsed_time": 296.5816378593445,
  "courses_per_second": 17.80622710872122,
  "timestamp": "2026-05-18T14:38:04.042833",
  "unique_courses": 5247,
  "duplicates_removed": 34
}