{
  "total_courses": 5568,
  "total_urls": 7337,
  "total_pages": 372,
  "successful_pages": 372,
  "failed_pages": 0,
  "elapsed_time": 29.419111967086792,
  "pages_per_second": 12.644841231651801,
  "timestamp": "2026-07-08T12:23:51.291462"
}