{
  "total_courses": 7543,
  "total_urls": 10483,
  "total_pages": 503,
  "successful_pages": 503,
  "failed_pages": 0,
  "elapsed_time": 42.714601039886475,
  "pages_per_second": 11.775832800833221,
  "timestamp": "2026-02-03T11:39:16.552020"
}