{
  "total_courses": 2903,
  "total_urls": 4523,
  "total_pages": 194,
  "successful_pages": 194,
  "failed_pages": 0,
  "elapsed_time": 17.104308128356934,
  "pages_per_second": 11.34217172329647,
  "timestamp": "2026-03-24T11:49:45.116462"
}