{
  "total_requested": 5280,
  "successful": 5280,
  "parse_failed": 0,
  "not_found": 0,
  "failed": 0,
  "elapsed_time": 358.36379194259644,
  "courses_per_second": 14.73363135091997,
  "timestamp": "2026-05-16T12:01:38.884940",
  "unique_courses": 5246,
  "duplicates_removed": 34
}