{
  "total_requested": 6741,
  "successful": 6731,
  "parse_failed": 10,
  "not_found": 0,
  "failed": 0,
  "elapsed_time": 424.7158451080322,
  "courses_per_second": 15.87178834424069,
  "timestamp": "2026-06-05T14:01:17.629689",
  "unique_courses": 5860,
  "duplicates_removed": 881
}