{
  "total_courses": 7549,
  "total_urls": 10473,
  "total_pages": 504,
  "successful_pages": 504,
  "failed_pages": 0,
  "elapsed_time": 42.36254096031189,
  "pages_per_second": 11.897303338630737,
  "timestamp": "2026-03-09T11:38:37.752013"
}