{
  "total_requested": 10470,
  "successful": 10461,
  "parse_failed": 9,
  "not_found": 0,
  "failed": 0,
  "elapsed_time": 675.5338182449341,
  "courses_per_second": 15.498853968853123,
  "timestamp": "2026-03-20T11:47:59.376539",
  "unique_courses": 10409,
  "duplicates_removed": 61
}