{
  "total_courses": 7551,
  "total_urls": 10479,
  "total_pages": 504,
  "successful_pages": 504,
  "failed_pages": 0,
  "elapsed_time": 44.25965332984924,
  "pages_per_second": 11.387346309377808,
  "timestamp": "2026-01-20T11:29:01.510858"
}