{
  "total_requested": 7615,
  "successful": 7611,
  "parse_failed": 4,
  "not_found": 0,
  "failed": 0,
  "elapsed_time": 237.02627515792847,
  "courses_per_second": 32.12723988058368,
  "timestamp": "2025-10-24T16:35:32.195808",
  "unique_courses": 7562,
  "duplicates_removed": 53
}