{
  "total_requested": 6753,
  "successful": 6743,
  "parse_failed": 10,
  "not_found": 0,
  "failed": 0,
  "elapsed_time": 419.5395247936249,
  "courses_per_second": 16.096218832592374,
  "timestamp": "2026-06-12T14:18:49.368260",
  "unique_courses": 5869,
  "duplicates_removed": 884
}