{
  "total_requested": 7930,
  "successful": 7921,
  "parse_failed": 9,
  "not_found": 0,
  "failed": 0,
  "elapsed_time": 488.4657185077667,
  "courses_per_second": 16.234506741283035,
  "timestamp": "2025-11-10T11:29:11.443428",
  "unique_courses": 7869,
  "duplicates_removed": 61
}