{
  "total_courses": 5065,
  "total_urls": 7976,
  "total_pages": 338,
  "successful_pages": 338,
  "failed_pages": 0,
  "elapsed_time": 32.674949645996094,
  "pages_per_second": 10.344315864658652,
  "timestamp": "2025-11-21T11:20:38.449170"
}