{
  "total_courses": 7320,
  "total_urls": 10149,
  "total_pages": 488,
  "successful_pages": 488,
  "failed_pages": 0,
  "elapsed_time": 32.07524919509888,
  "pages_per_second": 15.214223185975023,
  "timestamp": "2025-09-11T13:10:46.753358"
}