{
  "total_courses": 7495,
  "total_urls": 10407,
  "total_pages": 500,
  "successful_pages": 500,
  "failed_pages": 0,
  "elapsed_time": 43.895071029663086,
  "pages_per_second": 11.39080056761074,
  "timestamp": "2025-12-14T11:20:39.967504"
}