{
  "total_courses": 5011,
  "total_urls": 7922,
  "total_pages": 335,
  "successful_pages": 335,
  "failed_pages": 0,
  "elapsed_time": 30.322256326675415,
  "pages_per_second": 11.04799050541929,
  "timestamp": "2025-11-20T11:21:42.268299"
}