{
  "total_requested": 10499,
  "successful": 10490,
  "parse_failed": 9,
  "not_found": 0,
  "failed": 0,
  "elapsed_time": 588.0486702919006,
  "courses_per_second": 17.853964357726404,
  "timestamp": "2026-03-03T11:48:11.958710",
  "unique_courses": 10438,
  "duplicates_removed": 61
}