{
  "total_courses": 8017,
  "total_urls": 9783,
  "total_pages": 535,
  "successful_pages": 535,
  "failed_pages": 0,
  "elapsed_time": 41.00410079956055,
  "pages_per_second": 13.047475485811256,
  "timestamp": "2026-07-24T12:23:23.275031"
}