{
  "total_courses": 7537,
  "total_urls": 10478,
  "total_pages": 503,
  "successful_pages": 503,
  "failed_pages": 0,
  "elapsed_time": 42.236045122146606,
  "pages_per_second": 11.909258988272326,
  "timestamp": "2026-02-06T11:39:04.598862"
}