{
  "total_courses": 2928,
  "total_urls": 4607,
  "total_pages": 196,
  "successful_pages": 196,
  "failed_pages": 0,
  "elapsed_time": 17.551389455795288,
  "pages_per_second": 11.167207046122654,
  "timestamp": "2026-04-13T12:07:05.005290"
}