{
  "total_courses": 7473,
  "total_urls": 10370,
  "total_pages": 499,
  "successful_pages": 499,
  "failed_pages": 0,
  "elapsed_time": 41.41385579109192,
  "pages_per_second": 12.04910748994626,
  "timestamp": "2025-12-12T11:25:04.748462"
}