{
  "total_courses": 5002,
  "total_urls": 7902,
  "total_pages": 334,
  "successful_pages": 334,
  "failed_pages": 0,
  "elapsed_time": 35.175537109375,
  "pages_per_second": 9.4952352528821,
  "timestamp": "2025-11-18T11:23:09.473464"
}