{
  "total_requested": 7650,
  "successful": 7641,
  "parse_failed": 9,
  "not_found": 0,
  "failed": 0,
  "elapsed_time": 522.0656914710999,
  "courses_per_second": 14.653328354988222,
  "timestamp": "2025-11-04T11:31:03.109241",
  "unique_courses": 7580,
  "duplicates_removed": 70
}