{
  "total_requested": 5280,
  "successful": 5280,
  "parse_failed": 0,
  "not_found": 0,
  "failed": 0,
  "elapsed_time": 353.46320700645447,
  "courses_per_second": 14.937905545296497,
  "timestamp": "2026-05-17T12:07:26.192224",
  "unique_courses": 5246,
  "duplicates_removed": 34
}