{
  "total_courses": 7321,
  "total_urls": 10139,
  "total_pages": 489,
  "successful_pages": 489,
  "failed_pages": 0,
  "elapsed_time": 96.95820093154907,
  "pages_per_second": 5.043410410896817,
  "timestamp": "2025-08-31T23:27:37.601967"
}