{
  "total_courses": 2923,
  "total_urls": 4587,
  "total_pages": 195,
  "successful_pages": 195,
  "failed_pages": 0,
  "elapsed_time": 17.838461875915527,
  "pages_per_second": 10.931435756985184,
  "timestamp": "2026-04-04T11:34:04.485379"
}