{
  "total_requested": 7900,
  "successful": 7891,
  "parse_failed": 9,
  "not_found": 0,
  "failed": 0,
  "elapsed_time": 505.3713300228119,
  "courses_per_second": 15.632069986327485,
  "timestamp": "2025-11-15T11:26:53.596139",
  "unique_courses": 7839,
  "duplicates_removed": 61
}