{
  "total_courses": 7498,
  "total_urls": 10418,
  "total_pages": 500,
  "successful_pages": 500,
  "failed_pages": 0,
  "elapsed_time": 68.80770301818848,
  "pages_per_second": 7.26662827078868,
  "timestamp": "2025-12-23T18:42:30.673332"
}