{
  "total_courses": 2937,
  "total_urls": 4610,
  "total_pages": 196,
  "successful_pages": 196,
  "failed_pages": 0,
  "elapsed_time": 16.71674346923828,
  "pages_per_second": 11.724771655476687,
  "timestamp": "2026-04-25T11:42:00.391761"
}