{
  "total_requested": 10410,
  "successful": 10401,
  "parse_failed": 9,
  "not_found": 0,
  "failed": 0,
  "elapsed_time": 632.4087195396423,
  "courses_per_second": 16.460873606514927,
  "timestamp": "2025-12-18T11:35:18.643121",
  "unique_courses": 10350,
  "duplicates_removed": 60
}