{
  "total_courses": 7549,
  "total_urls": 10499,
  "total_pages": 504,
  "successful_pages": 504,
  "failed_pages": 0,
  "elapsed_time": 45.23301696777344,
  "pages_per_second": 11.142303427584283,
  "timestamp": "2026-03-04T11:35:46.024371"
}