{
  "total_requested": 7281,
  "successful": 7271,
  "parse_failed": 10,
  "not_found": 0,
  "failed": 0,
  "elapsed_time": 477.87738370895386,
  "courses_per_second": 15.236125935673941,
  "timestamp": "2026-06-24T13:33:40.557893",
  "unique_courses": 6361,
  "duplicates_removed": 920
}