{
  "total_requested": 7982,
  "successful": 7973,
  "parse_failed": 9,
  "not_found": 0,
  "failed": 0,
  "elapsed_time": 483.6400377750397,
  "courses_per_second": 16.504009958978514,
  "timestamp": "2025-11-28T11:30:06.982849",
  "unique_courses": 7921,
  "duplicates_removed": 61
}