{
  "total_courses": 2923,
  "total_urls": 4587,
  "total_pages": 195,
  "successful_pages": 195,
  "failed_pages": 0,
  "elapsed_time": 18.510231256484985,
  "pages_per_second": 10.534714412694468,
  "timestamp": "2026-04-05T11:35:25.401721"
}