{
  "total_courses": 7549,
  "total_urls": 10498,
  "total_pages": 504,
  "successful_pages": 504,
  "failed_pages": 0,
  "elapsed_time": 40.97103571891785,
  "pages_per_second": 12.301373181232139,
  "timestamp": "2026-02-26T11:43:42.342593"
}