{
  "total_requested": 4615,
  "successful": 4615,
  "parse_failed": 0,
  "not_found": 0,
  "failed": 0,
  "elapsed_time": 261.9083230495453,
  "courses_per_second": 17.62066950093441,
  "timestamp": "2026-04-17T11:59:14.556559",
  "unique_courses": 4615,
  "duplicates_removed": 0
}