{
  "total_requested": 4516,
  "successful": 4516,
  "parse_failed": 0,
  "not_found": 0,
  "failed": 0,
  "elapsed_time": 286.759081363678,
  "courses_per_second": 15.748411448817029,
  "timestamp": "2026-03-25T11:50:37.359687",
  "unique_courses": 4516,
  "duplicates_removed": 0
}