{
  "total_requested": 4610,
  "successful": 4610,
  "parse_failed": 0,
  "not_found": 0,
  "failed": 0,
  "elapsed_time": 305.5606462955475,
  "courses_per_second": 15.087021368390054,
  "timestamp": "2026-04-14T12:05:20.119707",
  "unique_courses": 4610,
  "duplicates_removed": 0
}