{
  "total_requested": 10478,
  "successful": 10469,
  "parse_failed": 9,
  "not_found": 0,
  "failed": 0,
  "elapsed_time": 647.292230129242,
  "courses_per_second": 16.187433607704367,
  "timestamp": "2026-01-27T11:39:08.844587",
  "unique_courses": 10418,
  "duplicates_removed": 60
}