{
  "total_courses": 5128,
  "total_urls": 6884,
  "total_pages": 342,
  "successful_pages": 342,
  "failed_pages": 0,
  "elapsed_time": 22.39491319656372,
  "pages_per_second": 15.271325099508603,
  "timestamp": "2026-06-18T14:13:15.608880"
}