{
  "total_courses": 3357,
  "total_urls": 5030,
  "total_pages": 224,
  "successful_pages": 224,
  "failed_pages": 0,
  "elapsed_time": 18.33568549156189,
  "pages_per_second": 12.216614432172996,
  "timestamp": "2026-05-05T12:06:21.322109"
}