{
  "total_requested": 10470,
  "successful": 10461,
  "parse_failed": 9,
  "not_found": 0,
  "failed": 0,
  "elapsed_time": 601.4985973834991,
  "courses_per_second": 17.40652438018008,
  "timestamp": "2026-03-16T12:02:20.927754",
  "unique_courses": 10409,
  "duplicates_removed": 61
}