{
  "total_courses": 7549,
  "total_urls": 10499,
  "total_pages": 504,
  "successful_pages": 504,
  "failed_pages": 0,
  "elapsed_time": 37.9879686832428,
  "pages_per_second": 13.267358520865681,
  "timestamp": "2026-03-03T11:38:22.993801"
}