{
  "total_requested": 7654,
  "successful": 7644,
  "parse_failed": 10,
  "not_found": 0,
  "failed": 0,
  "elapsed_time": 473.5349500179291,
  "courses_per_second": 16.16353766434812,
  "timestamp": "2025-10-31T11:27:45.480863",
  "unique_courses": 7583,
  "duplicates_removed": 71
}