{
  "total_courses": 7549,
  "total_urls": 10498,
  "total_pages": 504,
  "successful_pages": 504,
  "failed_pages": 0,
  "elapsed_time": 42.342559814453125,
  "pages_per_second": 11.902917589502126,
  "timestamp": "2026-02-28T11:25:03.136989"
}