{
  "total_requested": 9785,
  "successful": 9776,
  "parse_failed": 9,
  "not_found": 0,
  "failed": 0,
  "elapsed_time": 567.3068857192993,
  "courses_per_second": 17.248160116359966,
  "timestamp": "2026-07-22T12:37:32.816207",
  "unique_courses": 8866,
  "duplicates_removed": 919
}