{
  "total_requested": 4584,
  "successful": 4584,
  "parse_failed": 0,
  "not_found": 0,
  "failed": 0,
  "elapsed_time": 328.58637619018555,
  "courses_per_second": 13.950669693459185,
  "timestamp": "2026-04-03T11:46:27.641201",
  "unique_courses": 4584,
  "duplicates_removed": 0
}