{
  "total_courses": 5130,
  "total_urls": 6886,
  "total_pages": 342,
  "successful_pages": 342,
  "failed_pages": 0,
  "elapsed_time": 22.832467079162598,
  "pages_per_second": 14.978670452660658,
  "timestamp": "2026-06-20T12:28:09.872534"
}