{
  "total_courses": 5067,
  "total_urls": 7982,
  "total_pages": 338,
  "successful_pages": 338,
  "failed_pages": 0,
  "elapsed_time": 30.937414169311523,
  "pages_per_second": 10.925282835540932,
  "timestamp": "2025-11-30T11:19:38.613623"
}