{
  "total_courses": 7546,
  "total_urls": 10465,
  "total_pages": 504,
  "successful_pages": 504,
  "failed_pages": 0,
  "elapsed_time": 42.60003423690796,
  "pages_per_second": 11.830976407134969,
  "timestamp": "2026-01-13T11:26:22.342698"
}