{
  "total_courses": 4884,
  "total_urls": 7656,
  "total_pages": 326,
  "successful_pages": 326,
  "failed_pages": 0,
  "elapsed_time": 32.007781744003296,
  "pages_per_second": 10.185023211146977,
  "timestamp": "2025-11-03T11:20:28.556572"
}