{
  "total_requested": 10478,
  "successful": 10469,
  "parse_failed": 9,
  "not_found": 0,
  "failed": 0,
  "elapsed_time": 652.9470653533936,
  "courses_per_second": 16.047242657150175,
  "timestamp": "2026-02-06T11:49:58.474228",
  "unique_courses": 10417,
  "duplicates_removed": 61
}