{
  "total_courses": 2923,
  "total_urls": 4587,
  "total_pages": 195,
  "successful_pages": 195,
  "failed_pages": 0,
  "elapsed_time": 18.832059144973755,
  "pages_per_second": 10.354682857506061,
  "timestamp": "2026-04-06T11:51:53.702163"
}