{
  "total_courses": 2930,
  "total_urls": 4612,
  "total_pages": 196,
  "successful_pages": 196,
  "failed_pages": 0,
  "elapsed_time": 18.521516799926758,
  "pages_per_second": 10.582286651640489,
  "timestamp": "2026-04-15T11:58:01.069573"
}