{
  "total_courses": 5128,
  "total_urls": 6884,
  "total_pages": 342,
  "successful_pages": 342,
  "failed_pages": 0,
  "elapsed_time": 26.74765706062317,
  "pages_per_second": 12.786166624794914,
  "timestamp": "2026-06-17T14:27:41.175063"
}