{
  "total_courses": 7548,
  "total_urls": 10472,
  "total_pages": 504,
  "successful_pages": 504,
  "failed_pages": 0,
  "elapsed_time": 41.391120195388794,
  "pages_per_second": 12.176524762336548,
  "timestamp": "2026-03-10T11:37:29.100931"
}