{
  "total_courses": 7496,
  "total_urls": 10416,
  "total_pages": 500,
  "successful_pages": 500,
  "failed_pages": 0,
  "elapsed_time": 41.35912489891052,
  "pages_per_second": 12.089230640689182,
  "timestamp": "2025-12-29T11:24:36.211608"
}