{
  "total_courses": 7545,
  "total_urls": 10464,
  "total_pages": 503,
  "successful_pages": 503,
  "failed_pages": 0,
  "elapsed_time": 42.84010457992554,
  "pages_per_second": 11.74133454930222,
  "timestamp": "2026-01-05T11:25:22.185344"
}