{
  "total_courses": 4693,
  "total_urls": 7415,
  "total_pages": 313,
  "successful_pages": 313,
  "failed_pages": 0,
  "elapsed_time": 33.896825075149536,
  "pages_per_second": 9.233903154825754,
  "timestamp": "2025-10-08T12:42:23.931695"
}