{
  "total_courses": 7549,
  "total_urls": 10494,
  "total_pages": 504,
  "successful_pages": 504,
  "failed_pages": 0,
  "elapsed_time": 41.25794053077698,
  "pages_per_second": 12.21583029875264,
  "timestamp": "2026-02-24T11:44:28.496249"
}