{
  "total_requested": 9783,
  "successful": 9774,
  "parse_failed": 9,
  "not_found": 0,
  "failed": 0,
  "elapsed_time": 545.8583519458771,
  "courses_per_second": 17.922231958392757,
  "timestamp": "2026-07-21T12:34:50.664720",
  "unique_courses": 8864,
  "duplicates_removed": 919
}