{
  "total_courses": 7537,
  "total_urls": 10480,
  "total_pages": 503,
  "successful_pages": 503,
  "failed_pages": 0,
  "elapsed_time": 38.367010831832886,
  "pages_per_second": 13.110221231586378,
  "timestamp": "2026-02-09T11:52:04.695496"
}