{
  "total_requested": 10368,
  "successful": 10359,
  "parse_failed": 9,
  "not_found": 0,
  "failed": 0,
  "elapsed_time": 592.3165354728699,
  "courses_per_second": 17.504154247057805,
  "timestamp": "2025-12-07T11:29:21.645135",
  "unique_courses": 10308,
  "duplicates_removed": 60
}