{
  "total_courses": 2934,
  "total_urls": 4617,
  "total_pages": 196,
  "successful_pages": 196,
  "failed_pages": 0,
  "elapsed_time": 15.779218196868896,
  "pages_per_second": 12.421401209781907,
  "timestamp": "2026-04-22T12:01:09.276714"
}