{
  "total_requested": 4592,
  "successful": 4592,
  "parse_failed": 0,
  "not_found": 0,
  "failed": 0,
  "elapsed_time": 311.06750893592834,
  "courses_per_second": 14.762068901724577,
  "timestamp": "2026-04-09T12:02:54.334578",
  "unique_courses": 4592,
  "duplicates_removed": 0
}