{
  "total_courses": 4852,
  "total_urls": 7615,
  "total_pages": 324,
  "successful_pages": 324,
  "failed_pages": 0,
  "elapsed_time": 26.47063899040222,
  "pages_per_second": 12.239976530883013,
  "timestamp": "2025-10-24T15:53:19.552305"
}