{
  "total_courses": 7319,
  "total_urls": 10165,
  "total_pages": 488,
  "successful_pages": 488,
  "failed_pages": 0,
  "elapsed_time": 67.90609002113342,
  "pages_per_second": 7.186395209150267,
  "timestamp": "2025-12-23T18:35:10.263280"
}