{
  "total_requested": 10184,
  "successful": 10174,
  "parse_failed": 10,
  "not_found": 0,
  "failed": 0,
  "elapsed_time": 271.5046920776367,
  "courses_per_second": 37.50948067257669,
  "timestamp": "2025-08-25T14:59:14.530359",
  "unique_courses": 10085,
  "duplicates_removed": 99
}