{
  "total_courses": 4853,
  "total_urls": 7616,
  "total_pages": 324,
  "successful_pages": 324,
  "failed_pages": 0,
  "elapsed_time": 49.10661602020264,
  "pages_per_second": 6.597888966055108,
  "timestamp": "2025-10-24T17:07:04.160656"
}