{
  "total_requested": 7342,
  "successful": 7332,
  "parse_failed": 10,
  "not_found": 0,
  "failed": 0,
  "elapsed_time": 482.7365322113037,
  "courses_per_second": 15.209124460433948,
  "timestamp": "2026-07-12T12:11:19.641455",
  "unique_courses": 6422,
  "duplicates_removed": 920
}