{
  "total_courses": 3760,
  "total_urls": 5429,
  "total_pages": 251,
  "successful_pages": 251,
  "failed_pages": 0,
  "elapsed_time": 21.155516862869263,
  "pages_per_second": 11.864517498059255,
  "timestamp": "2026-06-03T15:49:30.169638"
}