{
  "total_courses": 7316,
  "total_urls": 10134,
  "total_pages": 488,
  "successful_pages": 488,
  "failed_pages": 0,
  "elapsed_time": 140.15432715415955,
  "pages_per_second": 3.48187608551847,
  "timestamp": "2025-08-29T19:32:36.746777"
}