{
  "total_courses": 3607,
  "total_urls": 5282,
  "total_pages": 241,
  "successful_pages": 241,
  "failed_pages": 0,
  "elapsed_time": 20.075968742370605,
  "pages_per_second": 12.004402033729322,
  "timestamp": "2026-05-20T13:43:54.199911"
}