{
  "total_courses": 3604,
  "total_urls": 5280,
  "total_pages": 241,
  "successful_pages": 241,
  "failed_pages": 0,
  "elapsed_time": 20.662258625030518,
  "pages_per_second": 11.663778117076204,
  "timestamp": "2026-05-09T11:54:36.607408"
}