{
  "total_courses": 7551,
  "total_urls": 10479,
  "total_pages": 504,
  "successful_pages": 504,
  "failed_pages": 0,
  "elapsed_time": 40.558547258377075,
  "pages_per_second": 12.426480583470662,
  "timestamp": "2026-01-18T11:21:04.939772"
}