{
  "total_courses": 3757,
  "total_urls": 5426,
  "total_pages": 251,
  "successful_pages": 251,
  "failed_pages": 0,
  "elapsed_time": 16.001728296279907,
  "pages_per_second": 15.685805642528791,
  "timestamp": "2026-06-02T14:57:42.293979"
}