{
  "total_courses": 2899,
  "total_urls": 4534,
  "total_pages": 194,
  "successful_pages": 194,
  "failed_pages": 0,
  "elapsed_time": 14.717904567718506,
  "pages_per_second": 13.18122420942378,
  "timestamp": "2026-03-23T11:48:40.085340"
}