{
  "total_courses": 7546,
  "total_urls": 10464,
  "total_pages": 504,
  "successful_pages": 504,
  "failed_pages": 0,
  "elapsed_time": 34.983909606933594,
  "pages_per_second": 14.406623092237533,
  "timestamp": "2026-01-11T11:21:41.156263"
}