{
  "total_courses": 3603,
  "total_urls": 5279,
  "total_pages": 241,
  "successful_pages": 241,
  "failed_pages": 0,
  "elapsed_time": 12.725060224533081,
  "pages_per_second": 18.939006633176305,
  "timestamp": "2026-05-08T12:11:12.046466"
}