{
  "total_courses": 7549,
  "total_urls": 10473,
  "total_pages": 504,
  "successful_pages": 504,
  "failed_pages": 0,
  "elapsed_time": 45.6649911403656,
  "pages_per_second": 11.036901298213301,
  "timestamp": "2026-03-07T11:25:53.591463"
}