{
  "total_requested": 7615,
  "successful": 7611,
  "parse_failed": 4,
  "not_found": 0,
  "failed": 0,
  "elapsed_time": 284.1784508228302,
  "courses_per_second": 26.796542728524965,
  "timestamp": "2025-10-24T15:58:05.848730",
  "unique_courses": 7562,
  "duplicates_removed": 53
}