{
  "total_courses": 5566,
  "total_urls": 7335,
  "total_pages": 372,
  "successful_pages": 372,
  "failed_pages": 0,
  "elapsed_time": 28.877790927886963,
  "pages_per_second": 12.881871779214377,
  "timestamp": "2026-07-07T13:23:15.285383"
}