{
  "total_courses": 4992,
  "total_urls": 6748,
  "total_pages": 333,
  "successful_pages": 333,
  "failed_pages": 0,
  "elapsed_time": 27.13875913619995,
  "pages_per_second": 12.270273608634401,
  "timestamp": "2026-06-10T14:26:47.788987"
}