{
  "total_courses": 5756,
  "total_urls": 7523,
  "total_pages": 384,
  "successful_pages": 384,
  "failed_pages": 0,
  "elapsed_time": 24.06553030014038,
  "pages_per_second": 15.956432092325844,
  "timestamp": "2026-07-19T12:01:55.000858"
}