{
  "total_requested": 4523,
  "successful": 4523,
  "parse_failed": 0,
  "not_found": 0,
  "failed": 0,
  "elapsed_time": 281.2532489299774,
  "courses_per_second": 16.081592007230732,
  "timestamp": "2026-03-24T11:54:27.394174",
  "unique_courses": 4523,
  "duplicates_removed": 0
}