{
  "total_courses": 4999,
  "total_urls": 6755,
  "total_pages": 334,
  "successful_pages": 334,
  "failed_pages": 0,
  "elapsed_time": 23.219706535339355,
  "pages_per_second": 14.384333389040336,
  "timestamp": "2026-06-14T13:01:20.649909"
}