{
  "total_courses": 4882,
  "total_urls": 7649,
  "total_pages": 326,
  "successful_pages": 326,
  "failed_pages": 0,
  "elapsed_time": 77.70257616043091,
  "pages_per_second": 4.195485093401723,
  "timestamp": "2025-10-30T12:17:56.213635"
}