{
  "total_requested": 10472,
  "successful": 10463,
  "parse_failed": 9,
  "not_found": 0,
  "failed": 0,
  "elapsed_time": 636.8892917633057,
  "courses_per_second": 16.442418070818857,
  "timestamp": "2026-01-14T11:37:39.639673",
  "unique_courses": 10412,
  "duplicates_removed": 60
}