{
  "total_courses": 4890,
  "total_urls": 7650,
  "total_pages": 326,
  "successful_pages": 326,
  "failed_pages": 0,
  "elapsed_time": 33.0258424282074,
  "pages_per_second": 9.871057815063127,
  "timestamp": "2025-11-04T11:22:19.803569"
}