{
  "total_requested": 7948,
  "successful": 7939,
  "parse_failed": 9,
  "not_found": 0,
  "failed": 0,
  "elapsed_time": 456.06276631355286,
  "courses_per_second": 17.427425755988114,
  "timestamp": "2025-11-12T11:29:18.407567",
  "unique_courses": 7887,
  "duplicates_removed": 61
}