{
  "total_requested": 7978,
  "successful": 7969,
  "parse_failed": 9,
  "not_found": 0,
  "failed": 0,
  "elapsed_time": 485.0378510951996,
  "courses_per_second": 16.448200860996597,
  "timestamp": "2025-11-22T11:26:09.735838",
  "unique_courses": 7917,
  "duplicates_removed": 61
}