{
  "total_courses": 7496,
  "total_urls": 10416,
  "total_pages": 500,
  "successful_pages": 500,
  "failed_pages": 0,
  "elapsed_time": 37.580472469329834,
  "pages_per_second": 13.30478216866645,
  "timestamp": "2025-12-25T11:22:33.842853"
}