{
  "total_courses": 5003,
  "total_urls": 7914,
  "total_pages": 334,
  "successful_pages": 334,
  "failed_pages": 0,
  "elapsed_time": 30.043720960617065,
  "pages_per_second": 11.117131610888853,
  "timestamp": "2025-11-19T11:21:44.735508"
}