{
  "total_courses": 4852,
  "total_urls": 7615,
  "total_pages": 324,
  "successful_pages": 324,
  "failed_pages": 0,
  "elapsed_time": 26.62665319442749,
  "pages_per_second": 12.168258535316324,
  "timestamp": "2025-10-24T16:24:44.860955"
}