{
  "total_courses": 3346,
  "total_urls": 5019,
  "total_pages": 224,
  "successful_pages": 224,
  "failed_pages": 0,
  "elapsed_time": 13.440226316452026,
  "pages_per_second": 16.66638602103033,
  "timestamp": "2026-04-30T12:17:30.273819"
}