{
  "total_courses": 4862,
  "total_urls": 7629,
  "total_pages": 325,
  "successful_pages": 325,
  "failed_pages": 0,
  "elapsed_time": 59.10293388366699,
  "pages_per_second": 5.498880997002642,
  "timestamp": "2025-10-28T17:20:15.133966"
}