{
  "total_courses": 3746,
  "total_urls": 5423,
  "total_pages": 250,
  "successful_pages": 250,
  "failed_pages": 0,
  "elapsed_time": 19.634838342666626,
  "pages_per_second": 12.732470501514058,
  "timestamp": "2026-05-29T14:10:39.117235"
}