{
  "total_courses": 7536,
  "total_urls": 10471,
  "total_pages": 503,
  "successful_pages": 503,
  "failed_pages": 0,
  "elapsed_time": 41.71938443183899,
  "pages_per_second": 12.056745487743232,
  "timestamp": "2026-01-28T11:28:29.823860"
}