{
  "total_requested": 5279,
  "successful": 5279,
  "parse_failed": 0,
  "not_found": 0,
  "failed": 0,
  "elapsed_time": 356.9251477718353,
  "courses_per_second": 14.790215912089794,
  "timestamp": "2026-05-12T13:13:44.057000",
  "unique_courses": 5245,
  "duplicates_removed": 34
}