{
  "total_courses": 7494,
  "total_urls": 10412,
  "total_pages": 500,
  "successful_pages": 500,
  "failed_pages": 0,
  "elapsed_time": 42.695356130599976,
  "pages_per_second": 11.710875498275737,
  "timestamp": "2025-12-17T11:25:37.757933"
}