{
  "total_requested": 5282,
  "successful": 5282,
  "parse_failed": 0,
  "not_found": 0,
  "failed": 0,
  "elapsed_time": 354.759220123291,
  "courses_per_second": 14.888971731768729,
  "timestamp": "2026-05-20T13:49:49.839345",
  "unique_courses": 5248,
  "duplicates_removed": 34
}