{
  "total_courses": 7547,
  "total_urls": 10471,
  "total_pages": 504,
  "successful_pages": 504,
  "failed_pages": 0,
  "elapsed_time": 45.27135705947876,
  "pages_per_second": 11.132867065103238,
  "timestamp": "2026-03-13T11:36:12.307565"
}