{
  "total_courses": 5574,
  "total_urls": 7343,
  "total_pages": 372,
  "successful_pages": 372,
  "failed_pages": 0,
  "elapsed_time": 25.08874750137329,
  "pages_per_second": 14.827364338520196,
  "timestamp": "2026-07-13T13:27:37.149103"
}