{
  "total_courses": 3604,
  "total_urls": 5279,
  "total_pages": 241,
  "successful_pages": 241,
  "failed_pages": 0,
  "elapsed_time": 19.705302715301514,
  "pages_per_second": 12.230210491151666,
  "timestamp": "2026-05-12T13:07:46.109721"
}