{
  "total_courses": 4953,
  "total_urls": 7777,
  "total_pages": 331,
  "successful_pages": 331,
  "failed_pages": 0,
  "elapsed_time": 31.297157287597656,
  "pages_per_second": 10.576040403872964,
  "timestamp": "2025-11-06T11:21:30.127112"
}