{
  "total_courses": 7544,
  "total_urls": 10462,
  "total_pages": 503,
  "successful_pages": 503,
  "failed_pages": 0,
  "elapsed_time": 42.155654430389404,
  "pages_per_second": 11.931969905261264,
  "timestamp": "2026-01-09T11:24:32.111428"
}