{
  "total_courses": 2937,
  "total_urls": 4613,
  "total_pages": 196,
  "successful_pages": 196,
  "failed_pages": 0,
  "elapsed_time": 18.04413342475891,
  "pages_per_second": 10.862256190760725,
  "timestamp": "2026-04-24T12:00:49.248829"
}