{
  "total_courses": 8015,
  "total_urls": 9788,
  "total_pages": 535,
  "successful_pages": 535,
  "failed_pages": 0,
  "elapsed_time": 39.01606273651123,
  "pages_per_second": 13.712301100524606,
  "timestamp": "2026-07-23T12:26:52.880472"
}