{
  "total_courses": 5061,
  "total_urls": 7959,
  "total_pages": 338,
  "successful_pages": 338,
  "failed_pages": 0,
  "elapsed_time": 31.11885952949524,
  "pages_per_second": 10.861580569160482,
  "timestamp": "2025-11-14T11:21:04.531400"
}