{
  "total_courses": 7471,
  "total_urls": 10368,
  "total_pages": 499,
  "successful_pages": 499,
  "failed_pages": 0,
  "elapsed_time": 46.5979323387146,
  "pages_per_second": 10.708629652767225,
  "timestamp": "2025-12-08T11:24:17.387652"
}