{
  "total_courses": 7539,
  "total_urls": 10480,
  "total_pages": 503,
  "successful_pages": 503,
  "failed_pages": 0,
  "elapsed_time": 43.8867084980011,
  "pages_per_second": 11.461328890110545,
  "timestamp": "2026-02-04T11:38:02.644516"
}