{
  "total_courses": 7545,
  "total_urls": 10472,
  "total_pages": 503,
  "successful_pages": 503,
  "failed_pages": 0,
  "elapsed_time": 42.61524224281311,
  "pages_per_second": 11.803288530756362,
  "timestamp": "2026-01-14T11:27:01.830602"
}