{
  "total_requested": 4613,
  "successful": 4613,
  "parse_failed": 0,
  "not_found": 0,
  "failed": 0,
  "elapsed_time": 326.34571051597595,
  "courses_per_second": 14.135316786319994,
  "timestamp": "2026-04-16T12:06:30.993077",
  "unique_courses": 4613,
  "duplicates_removed": 0
}