{
  "total_requested": 10498,
  "successful": 10489,
  "parse_failed": 9,
  "not_found": 0,
  "failed": 0,
  "elapsed_time": 654.6206130981445,
  "courses_per_second": 16.036769679946023,
  "timestamp": "2026-02-25T11:54:05.979200",
  "unique_courses": 10437,
  "duplicates_removed": 61
}