{
  "total_courses": 3607,
  "total_urls": 5282,
  "total_pages": 241,
  "successful_pages": 241,
  "failed_pages": 0,
  "elapsed_time": 16.709064722061157,
  "pages_per_second": 14.423308785308917,
  "timestamp": "2026-05-21T14:15:47.549353"
}