{
  "total_courses": 3358,
  "total_urls": 5031,
  "total_pages": 224,
  "successful_pages": 224,
  "failed_pages": 0,
  "elapsed_time": 19.519331693649292,
  "pages_per_second": 11.475802733188836,
  "timestamp": "2026-05-03T11:49:32.338698"
}