{
  "total_courses": 3744,
  "total_urls": 5420,
  "total_pages": 250,
  "successful_pages": 250,
  "failed_pages": 0,
  "elapsed_time": 19.836907148361206,
  "pages_per_second": 12.602771093812038,
  "timestamp": "2026-05-26T13:55:42.865994"
}