{
  "total_courses": 7549,
  "total_urls": 10493,
  "total_pages": 504,
  "successful_pages": 504,
  "failed_pages": 0,
  "elapsed_time": 42.77331280708313,
  "pages_per_second": 11.783048048514473,
  "timestamp": "2026-02-18T11:43:06.569890"
}