{
  "total_courses": 4885,
  "total_urls": 7670,
  "total_pages": 326,
  "successful_pages": 326,
  "failed_pages": 0,
  "elapsed_time": 31.209599256515503,
  "pages_per_second": 10.44550419633928,
  "timestamp": "2025-11-05T11:21:37.902279"
}