{
  "total_requested": 10470,
  "successful": 10461,
  "parse_failed": 9,
  "not_found": 0,
  "failed": 0,
  "elapsed_time": 655.6378679275513,
  "courses_per_second": 15.969181330381831,
  "timestamp": "2026-03-21T11:39:28.482794",
  "unique_courses": 10409,
  "duplicates_removed": 61
}