{
  "total_courses": 4983,
  "total_urls": 6739,
  "total_pages": 333,
  "successful_pages": 333,
  "failed_pages": 0,
  "elapsed_time": 26.753381967544556,
  "pages_per_second": 12.447024469802498,
  "timestamp": "2026-06-09T13:46:20.908421"
}