{
  "total_courses": 3605,
  "total_urls": 5280,
  "total_pages": 241,
  "successful_pages": 241,
  "failed_pages": 0,
  "elapsed_time": 20.66400671005249,
  "pages_per_second": 11.66279141221726,
  "timestamp": "2026-05-17T12:01:31.773031"
}