{
  "total_courses": 7549,
  "total_urls": 10494,
  "total_pages": 504,
  "successful_pages": 504,
  "failed_pages": 0,
  "elapsed_time": 41.25181698799133,
  "pages_per_second": 12.217643653047274,
  "timestamp": "2026-02-15T11:28:23.315443"
}