{
  "total_courses": 2919,
  "total_urls": 4580,
  "total_pages": 195,
  "successful_pages": 195,
  "failed_pages": 0,
  "elapsed_time": 18.05933666229248,
  "pages_per_second": 10.797738789994206,
  "timestamp": "2026-03-31T11:53:59.089525"
}