{
  "total_courses": 7551,
  "total_urls": 10496,
  "total_pages": 504,
  "successful_pages": 504,
  "failed_pages": 0,
  "elapsed_time": 43.66820573806763,
  "pages_per_second": 11.541577939407745,
  "timestamp": "2026-02-12T11:44:08.347825"
}