{
  "total_requested": 4587,
  "successful": 4587,
  "parse_failed": 0,
  "not_found": 0,
  "failed": 0,
  "elapsed_time": 310.28235602378845,
  "courses_per_second": 14.783309172914517,
  "timestamp": "2026-04-05T11:40:36.619698",
  "unique_courses": 4587,
  "duplicates_removed": 0
}