{
  "total_requested": 4534,
  "successful": 4534,
  "parse_failed": 0,
  "not_found": 0,
  "failed": 0,
  "elapsed_time": 284.60346031188965,
  "courses_per_second": 15.930937716046408,
  "timestamp": "2026-03-23T01:03:52.766769",
  "unique_courses": 4534,
  "duplicates_removed": 0
}