{
  "total_courses": 7549,
  "total_urls": 10494,
  "total_pages": 504,
  "successful_pages": 504,
  "failed_pages": 0,
  "elapsed_time": 43.756760597229004,
  "pages_per_second": 11.518220113211875,
  "timestamp": "2026-02-21T11:28:15.601670"
}