{
  "total_requested": 10416,
  "successful": 10407,
  "parse_failed": 9,
  "not_found": 0,
  "failed": 0,
  "elapsed_time": 648.1966314315796,
  "courses_per_second": 16.069197979316343,
  "timestamp": "2025-12-28T11:32:17.508854",
  "unique_courses": 10356,
  "duplicates_removed": 60
}