{
  "total_courses": 5134,
  "total_urls": 6890,
  "total_pages": 343,
  "successful_pages": 343,
  "failed_pages": 0,
  "elapsed_time": 19.44475269317627,
  "pages_per_second": 17.639720361183546,
  "timestamp": "2026-06-15T16:20:16.595673"
}