{
  "total_courses": 3606,
  "total_urls": 5281,
  "total_pages": 241,
  "successful_pages": 241,
  "failed_pages": 0,
  "elapsed_time": 15.593065738677979,
  "pages_per_second": 15.455588018346456,
  "timestamp": "2026-05-18T14:33:06.531979"
}