{
  "total_courses": 5517,
  "total_urls": 7273,
  "total_pages": 368,
  "successful_pages": 368,
  "failed_pages": 0,
  "elapsed_time": 25.53262948989868,
  "pages_per_second": 14.412929939142758,
  "timestamp": "2026-06-23T13:44:44.509578"
}