{
  "total_courses": 7534,
  "total_urls": 10477,
  "total_pages": 503,
  "successful_pages": 503,
  "failed_pages": 0,
  "elapsed_time": 43.310118198394775,
  "pages_per_second": 11.613914275086023,
  "timestamp": "2026-02-10T11:54:39.522197"
}