{
  "total_courses": 5134,
  "total_urls": 6890,
  "total_pages": 343,
  "successful_pages": 343,
  "failed_pages": 0,
  "elapsed_time": 21.47789239883423,
  "pages_per_second": 15.969909599631725,
  "timestamp": "2026-06-16T15:59:58.131137"
}