{
  "total_courses": 8004,
  "total_urls": 9777,
  "total_pages": 534,
  "successful_pages": 534,
  "failed_pages": 0,
  "elapsed_time": 39.526097774505615,
  "pages_per_second": 13.510061201751888,
  "timestamp": "2026-07-20T13:10:18.396486"
}