{
  "total_courses": 7542,
  "total_urls": 10475,
  "total_pages": 503,
  "successful_pages": 503,
  "failed_pages": 0,
  "elapsed_time": 44.62205767631531,
  "pages_per_second": 11.272451926101663,
  "timestamp": "2026-01-25T11:22:46.796387"
}