{
  "total_courses": 4882,
  "total_urls": 7649,
  "total_pages": 326,
  "successful_pages": 326,
  "failed_pages": 0,
  "elapsed_time": 30.61881685256958,
  "pages_per_second": 10.647047584160378,
  "timestamp": "2025-10-30T18:21:09.831106"
}