{
  "total_requested": 10465,
  "successful": 10456,
  "parse_failed": 9,
  "not_found": 0,
  "failed": 0,
  "elapsed_time": 655.8753688335419,
  "courses_per_second": 15.955775284886432,
  "timestamp": "2026-01-06T11:35:37.327514",
  "unique_courses": 10405,
  "duplicates_removed": 60
}