{
  "total_requested": 7831,
  "successful": 7822,
  "parse_failed": 9,
  "not_found": 0,
  "failed": 0,
  "elapsed_time": 270.66144824028015,
  "courses_per_second": 28.932823831815224,
  "timestamp": "2025-11-07T17:20:32.893448",
  "unique_courses": 7771,
  "duplicates_removed": 60
}