{
  "total_requested": 5280,
  "successful": 5280,
  "parse_failed": 0,
  "not_found": 0,
  "failed": 0,
  "elapsed_time": 353.15737557411194,
  "courses_per_second": 14.950841650741523,
  "timestamp": "2026-05-14T13:01:38.294284",
  "unique_courses": 5246,
  "duplicates_removed": 34
}