{
  "total_courses": 7496,
  "total_urls": 10416,
  "total_pages": 500,
  "successful_pages": 500,
  "failed_pages": 0,
  "elapsed_time": 37.43989014625549,
  "pages_per_second": 13.35474003921475,
  "timestamp": "2025-12-26T11:23:37.034403"
}