{
  "total_courses": 4852,
  "total_urls": 7615,
  "total_pages": 324,
  "successful_pages": 324,
  "failed_pages": 0,
  "elapsed_time": 26.536608934402466,
  "pages_per_second": 12.209547979582329,
  "timestamp": "2025-10-24T16:31:34.319227"
}