{
  "total_courses": 3743,
  "total_urls": 5419,
  "total_pages": 250,
  "successful_pages": 250,
  "failed_pages": 0,
  "elapsed_time": 19.703369855880737,
  "pages_per_second": 12.688184905861883,
  "timestamp": "2026-05-27T14:29:23.319476"
}