{
  "total_courses": 7554,
  "total_urls": 10484,
  "total_pages": 504,
  "successful_pages": 504,
  "failed_pages": 0,
  "elapsed_time": 41.977473735809326,
  "pages_per_second": 12.006439529257747,
  "timestamp": "2026-01-22T11:28:10.177712"
}