{
  "total_courses": 2937,
  "total_urls": 4610,
  "total_pages": 196,
  "successful_pages": 196,
  "failed_pages": 0,
  "elapsed_time": 13.26297402381897,
  "pages_per_second": 14.77798264914066,
  "timestamp": "2026-04-26T11:42:38.214898"
}