{
  "total_courses": 2912,
  "total_urls": 4572,
  "total_pages": 195,
  "successful_pages": 195,
  "failed_pages": 0,
  "elapsed_time": 18.64235544204712,
  "pages_per_second": 10.460051607008037,
  "timestamp": "2026-03-27T11:45:17.093044"
}