{
  "total_courses": 7491,
  "total_urls": 10410,
  "total_pages": 500,
  "successful_pages": 500,
  "failed_pages": 0,
  "elapsed_time": 43.47480320930481,
  "pages_per_second": 11.500914623875426,
  "timestamp": "2025-12-18T11:24:45.119819"
}