{
  "total_requested": 10473,
  "successful": 10464,
  "parse_failed": 9,
  "not_found": 0,
  "failed": 0,
  "elapsed_time": 643.0552690029144,
  "courses_per_second": 16.286313952825314,
  "timestamp": "2026-03-06T11:45:50.178442",
  "unique_courses": 10412,
  "duplicates_removed": 61
}