{
  "total_requested": 4580,
  "successful": 4580,
  "parse_failed": 0,
  "not_found": 0,
  "failed": 0,
  "elapsed_time": 315.3418984413147,
  "courses_per_second": 14.523918396629874,
  "timestamp": "2026-03-31T11:59:15.431508",
  "unique_courses": 4580,
  "duplicates_removed": 0
}