{
  "total_courses": 4861,
  "total_urls": 7624,
  "total_pages": 325,
  "successful_pages": 325,
  "failed_pages": 0,
  "elapsed_time": 22.540997982025146,
  "pages_per_second": 14.418172623020709,
  "timestamp": "2025-10-27T09:57:39.449020"
}