{
  "total_courses": 7495,
  "total_urls": 10407,
  "total_pages": 500,
  "successful_pages": 500,
  "failed_pages": 0,
  "elapsed_time": 41.68434762954712,
  "pages_per_second": 11.994910042578788,
  "timestamp": "2025-12-13T11:20:27.587820"
}