{
  "total_courses": 2902,
  "total_urls": 4516,
  "total_pages": 194,
  "successful_pages": 194,
  "failed_pages": 0,
  "elapsed_time": 16.95059108734131,
  "pages_per_second": 11.44502861288885,
  "timestamp": "2026-03-25T11:45:49.738063"
}