{
  "total_courses": 7549,
  "total_urls": 10494,
  "total_pages": 504,
  "successful_pages": 504,
  "failed_pages": 0,
  "elapsed_time": 42.90573716163635,
  "pages_per_second": 11.746680825021357,
  "timestamp": "2026-02-14T11:28:10.934960"
}