{
  "total_courses": 7540,
  "total_urls": 10476,
  "total_pages": 503,
  "successful_pages": 503,
  "failed_pages": 0,
  "elapsed_time": 43.67951989173889,
  "pages_per_second": 11.515694340201124,
  "timestamp": "2026-01-29T11:36:27.239205"
}