{
  "total_requested": 5419,
  "successful": 5419,
  "parse_failed": 0,
  "not_found": 0,
  "failed": 0,
  "elapsed_time": 359.53882455825806,
  "courses_per_second": 15.072085766142147,
  "timestamp": "2026-05-27T14:35:23.842648",
  "unique_courses": 5385,
  "duplicates_removed": 34
}