{
  "total_requested": 4574,
  "successful": 4574,
  "parse_failed": 0,
  "not_found": 0,
  "failed": 0,
  "elapsed_time": 313.56991839408875,
  "courses_per_second": 14.5868584060142,
  "timestamp": "2026-03-29T11:39:38.133711",
  "unique_courses": 4574,
  "duplicates_removed": 0
}