{
  "total_courses": 2934,
  "total_urls": 4616,
  "total_pages": 196,
  "successful_pages": 196,
  "failed_pages": 0,
  "elapsed_time": 17.705143213272095,
  "pages_per_second": 11.070229573352158,
  "timestamp": "2026-04-18T11:39:01.990139"
}