{
  "total_requested": 5012,
  "successful": 5012,
  "parse_failed": 0,
  "not_found": 0,
  "failed": 0,
  "elapsed_time": 331.81960248947144,
  "courses_per_second": 15.104592864308039,
  "timestamp": "2026-04-29T12:25:09.504273",
  "unique_courses": 5012,
  "duplicates_removed": 0
}