{
  "total_courses": 7542,
  "total_urls": 10478,
  "total_pages": 503,
  "successful_pages": 503,
  "failed_pages": 0,
  "elapsed_time": 41.909226417541504,
  "pages_per_second": 12.002130389824247,
  "timestamp": "2026-01-27T11:28:20.657475"
}