{
  "total_courses": 7549,
  "total_urls": 10494,
  "total_pages": 504,
  "successful_pages": 504,
  "failed_pages": 0,
  "elapsed_time": 42.96611285209656,
  "pages_per_second": 11.73017446877108,
  "timestamp": "2026-02-23T11:43:05.339979"
}