{
  "total_courses": 4884,
  "total_urls": 7656,
  "total_pages": 326,
  "successful_pages": 326,
  "failed_pages": 0,
  "elapsed_time": 29.924126148223877,
  "pages_per_second": 10.894219546636602,
  "timestamp": "2025-11-02T11:17:54.673655"
}