{
  "total_courses": 7543,
  "total_urls": 10461,
  "total_pages": 503,
  "successful_pages": 503,
  "failed_pages": 0,
  "elapsed_time": 42.470555782318115,
  "pages_per_second": 11.843499354661503,
  "timestamp": "2026-01-08T11:26:05.595310"
}