{
  "total_courses": 7473,
  "total_urls": 10370,
  "total_pages": 499,
  "successful_pages": 499,
  "failed_pages": 0,
  "elapsed_time": 40.71609830856323,
  "pages_per_second": 12.255594733522207,
  "timestamp": "2025-12-11T11:24:37.718591"
}