{
  "total_courses": 7497,
  "total_urls": 10417,
  "total_pages": 500,
  "successful_pages": 500,
  "failed_pages": 0,
  "elapsed_time": 42.607763051986694,
  "pages_per_second": 11.73495072693534,
  "timestamp": "2025-12-23T11:24:13.118124"
}