{
  "total_courses": 7375,
  "total_urls": 10184,
  "total_pages": 492,
  "successful_pages": 492,
  "failed_pages": 0,
  "elapsed_time": 497.65136098861694,
  "pages_per_second": 0.9886439354302374,
  "timestamp": "2025-08-23T19:24:45.984922"
}