{
  "total_courses": 7496,
  "total_urls": 10416,
  "total_pages": 500,
  "successful_pages": 500,
  "failed_pages": 0,
  "elapsed_time": 42.956685066223145,
  "pages_per_second": 11.639631857746634,
  "timestamp": "2025-12-28T11:21:28.137611"
}