{
  "total_courses": 7551,
  "total_urls": 10479,
  "total_pages": 504,
  "successful_pages": 504,
  "failed_pages": 0,
  "elapsed_time": 41.82545185089111,
  "pages_per_second": 12.050079023575737,
  "timestamp": "2026-01-20T08:14:30.387941"
}