{
  "total_requested": 9783,
  "successful": 9774,
  "parse_failed": 9,
  "not_found": 0,
  "failed": 0,
  "elapsed_time": 670.4435617923737,
  "courses_per_second": 14.591832269737939,
  "timestamp": "2026-07-24T12:34:34.585530",
  "unique_courses": 8864,
  "duplicates_removed": 919
}