{
  "total_courses": 3746,
  "total_urls": 5422,
  "total_pages": 250,
  "successful_pages": 250,
  "failed_pages": 0,
  "elapsed_time": 16.705362558364868,
  "pages_per_second": 14.965254368263778,
  "timestamp": "2026-05-28T14:40:09.306454"
}