{
  "total_courses": 7546,
  "total_urls": 10464,
  "total_pages": 504,
  "successful_pages": 504,
  "failed_pages": 0,
  "elapsed_time": 37.44168162345886,
  "pages_per_second": 13.46093386158761,
  "timestamp": "2026-01-10T11:21:44.884981"
}