{
  "total_courses": 2934,
  "total_urls": 4616,
  "total_pages": 196,
  "successful_pages": 196,
  "failed_pages": 0,
  "elapsed_time": 16.23227572441101,
  "pages_per_second": 12.074708643917633,
  "timestamp": "2026-04-19T11:39:49.188216"
}