{
  "total_requested": 5031,
  "successful": 5031,
  "parse_failed": 0,
  "not_found": 0,
  "failed": 0,
  "elapsed_time": 352.3337426185608,
  "courses_per_second": 14.279075181983348,
  "timestamp": "2026-05-04T12:28:17.797309",
  "unique_courses": 5031,
  "duplicates_removed": 0
}