{
  "total_courses": 7473,
  "total_urls": 10370,
  "total_pages": 499,
  "successful_pages": 499,
  "failed_pages": 0,
  "elapsed_time": 43.046149015426636,
  "pages_per_second": 11.592210021416113,
  "timestamp": "2025-12-10T11:23:42.186975"
}