{
  "total_courses": 7319,
  "total_urls": 10152,
  "total_pages": 488,
  "successful_pages": 488,
  "failed_pages": 0,
  "elapsed_time": 37.42431282997131,
  "pages_per_second": 13.039651582037454,
  "timestamp": "2025-10-24T16:25:43.289856"
}