{
  "total_requested": 7500,
  "successful": 7491,
  "parse_failed": 9,
  "not_found": 0,
  "failed": 0,
  "elapsed_time": 445.4943640232086,
  "courses_per_second": 16.83522981585751,
  "timestamp": "2026-07-17T12:21:13.055344",
  "unique_courses": 6581,
  "duplicates_removed": 919
}