{
  "total_requested": 10479,
  "successful": 10470,
  "parse_failed": 9,
  "not_found": 0,
  "failed": 0,
  "elapsed_time": 672.0964705944061,
  "courses_per_second": 15.591511722613735,
  "timestamp": "2026-01-17T11:32:56.283284",
  "unique_courses": 10419,
  "duplicates_removed": 60
}