{
  "total_requested": 7986,
  "successful": 7977,
  "parse_failed": 9,
  "not_found": 0,
  "failed": 0,
  "elapsed_time": 469.6455714702606,
  "courses_per_second": 17.00431236900463,
  "timestamp": "2025-12-02T11:32:42.362416",
  "unique_courses": 7926,
  "duplicates_removed": 60
}