{
  "total_requested": 7900,
  "successful": 7891,
  "parse_failed": 9,
  "not_found": 0,
  "failed": 0,
  "elapsed_time": 513.2118394374847,
  "courses_per_second": 15.393253609774357,
  "timestamp": "2025-11-16T11:27:04.030323",
  "unique_courses": 7839,
  "duplicates_removed": 61
}