{
  "total_requested": 7271,
  "successful": 7261,
  "parse_failed": 10,
  "not_found": 0,
  "failed": 0,
  "elapsed_time": 407.7906086444855,
  "courses_per_second": 17.830229156500526,
  "timestamp": "2026-06-22T16:04:01.245400",
  "unique_courses": 6351,
  "duplicates_removed": 920
}