{
  "total_courses": 4853,
  "total_urls": 7616,
  "total_pages": 324,
  "successful_pages": 324,
  "failed_pages": 0,
  "elapsed_time": 18.423777103424072,
  "pages_per_second": 17.585970465295325,
  "timestamp": "2025-10-24T17:26:19.767655"
}