{
  "total_courses": 7497,
  "total_urls": 10417,
  "total_pages": 500,
  "successful_pages": 500,
  "failed_pages": 0,
  "elapsed_time": 42.653671979904175,
  "pages_per_second": 11.722320184662406,
  "timestamp": "2025-12-24T11:23:56.502429"
}