{
  "total_courses": 7496,
  "total_urls": 10416,
  "total_pages": 500,
  "successful_pages": 500,
  "failed_pages": 0,
  "elapsed_time": 41.34310793876648,
  "pages_per_second": 12.093914195820812,
  "timestamp": "2026-01-01T11:23:21.976301"
}