{
  "total_courses": 7444,
  "total_urls": 10342,
  "total_pages": 497,
  "successful_pages": 497,
  "failed_pages": 0,
  "elapsed_time": 40.67039227485657,
  "pages_per_second": 12.220191943101998,
  "timestamp": "2025-12-04T11:24:18.734311"
}