{
  "total_courses": 5572,
  "total_urls": 7341,
  "total_pages": 372,
  "successful_pages": 372,
  "failed_pages": 0,
  "elapsed_time": 27.752054691314697,
  "pages_per_second": 13.404412903395631,
  "timestamp": "2026-07-10T13:15:32.550201"
}