{
  "total_requested": 10475,
  "successful": 10466,
  "parse_failed": 9,
  "not_found": 0,
  "failed": 0,
  "elapsed_time": 711.032872915268,
  "courses_per_second": 14.732089610782708,
  "timestamp": "2026-01-25T11:34:38.818490",
  "unique_courses": 10415,
  "duplicates_removed": 60
}