{
  "total_courses": 7551,
  "total_urls": 10481,
  "total_pages": 504,
  "successful_pages": 504,
  "failed_pages": 0,
  "elapsed_time": 42.108908891677856,
  "pages_per_second": 11.96896365319044,
  "timestamp": "2026-01-21T11:29:50.630837"
}