{
  "total_courses": 7543,
  "total_urls": 10483,
  "total_pages": 503,
  "successful_pages": 503,
  "failed_pages": 0,
  "elapsed_time": 42.690171003341675,
  "pages_per_second": 11.782571682850051,
  "timestamp": "2026-02-01T11:27:26.172960"
}