{
  "total_requested": 10416,
  "successful": 10407,
  "parse_failed": 9,
  "not_found": 0,
  "failed": 0,
  "elapsed_time": 648.8525159358978,
  "courses_per_second": 16.05295463018445,
  "timestamp": "2025-12-31T11:34:43.874569",
  "unique_courses": 10356,
  "duplicates_removed": 60
}