{
  "total_requested": 9788,
  "successful": 9779,
  "parse_failed": 9,
  "not_found": 0,
  "failed": 0,
  "elapsed_time": 658.5792510509491,
  "courses_per_second": 14.86229635139656,
  "timestamp": "2026-07-23T12:37:52.332949",
  "unique_courses": 8869,
  "duplicates_removed": 919
}