{
  "total_courses": 5733,
  "total_urls": 7500,
  "total_pages": 383,
  "successful_pages": 383,
  "failed_pages": 0,
  "elapsed_time": 25.64449167251587,
  "pages_per_second": 14.934981160514676,
  "timestamp": "2026-07-17T12:13:46.495715"
}