{
  "total_requested": 10499,
  "successful": 10490,
  "parse_failed": 9,
  "not_found": 0,
  "failed": 0,
  "elapsed_time": 683.2111575603485,
  "courses_per_second": 15.367137793080635,
  "timestamp": "2026-03-04T11:47:10.229164",
  "unique_courses": 10438,
  "duplicates_removed": 61
}