{
  "total_requested": 5280,
  "successful": 5280,
  "parse_failed": 0,
  "not_found": 0,
  "failed": 0,
  "elapsed_time": 326.62313961982727,
  "courses_per_second": 16.16541928457871,
  "timestamp": "2026-05-11T13:55:04.488205",
  "unique_courses": 5246,
  "duplicates_removed": 34
}