{
  "total_requested": 10470,
  "successful": 10461,
  "parse_failed": 9,
  "not_found": 0,
  "failed": 0,
  "elapsed_time": 552.7786867618561,
  "courses_per_second": 18.940672371673053,
  "timestamp": "2026-03-19T11:49:31.044235",
  "unique_courses": 10409,
  "duplicates_removed": 61
}