{
  "total_courses": 3147,
  "total_urls": 4820,
  "total_pages": 210,
  "successful_pages": 210,
  "failed_pages": 0,
  "elapsed_time": 18.385401725769043,
  "pages_per_second": 11.422105599447592,
  "timestamp": "2026-04-28T12:25:40.275891"
}