{
  "total_requested": 7591,
  "successful": 7587,
  "parse_failed": 4,
  "not_found": 0,
  "failed": 0,
  "elapsed_time": 246.36002826690674,
  "courses_per_second": 30.812628385380368,
  "timestamp": "2025-10-20T01:02:29.948481",
  "unique_courses": 7537,
  "duplicates_removed": 54
}