{
  "total_requested": 5028,
  "successful": 5028,
  "parse_failed": 0,
  "not_found": 0,
  "failed": 0,
  "elapsed_time": 229.13310050964355,
  "courses_per_second": 21.943577723238576,
  "timestamp": "2026-05-01T12:05:40.154239",
  "unique_courses": 5028,
  "duplicates_removed": 0
}