{
  "total_courses": 4952,
  "total_urls": 7830,
  "total_pages": 331,
  "successful_pages": 331,
  "failed_pages": 0,
  "elapsed_time": 33.34793472290039,
  "pages_per_second": 9.925652150587265,
  "timestamp": "2025-11-07T11:20:39.381498"
}