{
  "total_courses": 7542,
  "total_urls": 10461,
  "total_pages": 503,
  "successful_pages": 503,
  "failed_pages": 0,
  "elapsed_time": 43.11207556724548,
  "pages_per_second": 11.667264760088601,
  "timestamp": "2026-01-02T11:23:18.339438"
}