{
  "total_courses": 7317,
  "total_urls": 10150,
  "total_pages": 488,
  "successful_pages": 488,
  "failed_pages": 0,
  "elapsed_time": 49.30433392524719,
  "pages_per_second": 9.897710021595294,
  "timestamp": "2025-10-08T12:36:15.984756"
}