{
  "total_courses": 7541,
  "total_urls": 10482,
  "total_pages": 503,
  "successful_pages": 503,
  "failed_pages": 0,
  "elapsed_time": 42.23613238334656,
  "pages_per_second": 11.909234383362472,
  "timestamp": "2026-01-31T11:26:18.968326"
}