{
  "total_requested": 10479,
  "successful": 10470,
  "parse_failed": 9,
  "not_found": 0,
  "failed": 0,
  "elapsed_time": 547.4217936992645,
  "courses_per_second": 19.142460385413184,
  "timestamp": "2026-02-05T11:48:39.235052",
  "unique_courses": 10418,
  "duplicates_removed": 61
}