{
  "total_courses": 5756,
  "total_urls": 7523,
  "total_pages": 384,
  "successful_pages": 384,
  "failed_pages": 0,
  "elapsed_time": 30.87610697746277,
  "pages_per_second": 12.436801060453996,
  "timestamp": "2026-07-18T11:55:55.955518"
}