{
  "total_requested": 10474,
  "successful": 10465,
  "parse_failed": 9,
  "not_found": 0,
  "failed": 0,
  "elapsed_time": 640.8502113819122,
  "courses_per_second": 16.3439128426191,
  "timestamp": "2026-01-15T11:36:24.579166",
  "unique_courses": 10414,
  "duplicates_removed": 60
}