{
  "total_requested": 10483,
  "successful": 10474,
  "parse_failed": 9,
  "not_found": 0,
  "failed": 0,
  "elapsed_time": 646.3857858181,
  "courses_per_second": 16.21786900331071,
  "timestamp": "2026-02-03T11:50:03.832762",
  "unique_courses": 10422,
  "duplicates_removed": 61
}