{
  "total_requested": 10415,
  "successful": 10406,
  "parse_failed": 9,
  "not_found": 0,
  "failed": 0,
  "elapsed_time": 592.4756164550781,
  "courses_per_second": 17.578782503009002,
  "timestamp": "2025-12-22T11:33:23.931762",
  "unique_courses": 10355,
  "duplicates_removed": 60
}