{
  "total_courses": 7546,
  "total_urls": 10474,
  "total_pages": 504,
  "successful_pages": 504,
  "failed_pages": 0,
  "elapsed_time": 42.7678165435791,
  "pages_per_second": 11.784562335241954,
  "timestamp": "2026-01-15T11:25:42.866088"
}