{
  "total_courses": 7552,
  "total_urls": 10485,
  "total_pages": 504,
  "successful_pages": 504,
  "failed_pages": 0,
  "elapsed_time": 42.61835598945618,
  "pages_per_second": 11.825890236702,
  "timestamp": "2026-01-23T11:26:52.255317"
}