{
  "total_courses": 7549,
  "total_urls": 10498,
  "total_pages": 504,
  "successful_pages": 504,
  "failed_pages": 0,
  "elapsed_time": 42.50895118713379,
  "pages_per_second": 11.856326395381545,
  "timestamp": "2026-02-25T11:43:10.408991"
}