{
  "total_courses": 5130,
  "total_urls": 8044,
  "total_pages": 342,
  "successful_pages": 342,
  "failed_pages": 0,
  "elapsed_time": 30.567261695861816,
  "pages_per_second": 11.188440868627097,
  "timestamp": "2025-12-03T11:23:34.553138"
}