{
  "total_courses": 7549,
  "total_urls": 10473,
  "total_pages": 504,
  "successful_pages": 504,
  "failed_pages": 0,
  "elapsed_time": 38.205212354660034,
  "pages_per_second": 13.191917252582035,
  "timestamp": "2026-03-05T11:38:40.995104"
}