{
  "total_requested": 7624,
  "successful": 7620,
  "parse_failed": 4,
  "not_found": 0,
  "failed": 0,
  "elapsed_time": 267.71442794799805,
  "courses_per_second": 28.478106534777115,
  "timestamp": "2025-10-27T10:02:08.346957",
  "unique_courses": 7571,
  "duplicates_removed": 53
}