{
  "total_courses": 7496,
  "total_urls": 10416,
  "total_pages": 500,
  "successful_pages": 500,
  "failed_pages": 0,
  "elapsed_time": 42.64942932128906,
  "pages_per_second": 11.72348629177127,
  "timestamp": "2025-12-30T11:24:34.100515"
}