{
  "total_courses": 7547,
  "total_urls": 10465,
  "total_pages": 504,
  "successful_pages": 504,
  "failed_pages": 0,
  "elapsed_time": 37.699934005737305,
  "pages_per_second": 13.368723667349114,
  "timestamp": "2026-01-12T11:26:11.544831"
}