{
  "total_courses": 3607,
  "total_urls": 5282,
  "total_pages": 241,
  "successful_pages": 241,
  "failed_pages": 0,
  "elapsed_time": 17.7982656955719,
  "pages_per_second": 13.540645146114397,
  "timestamp": "2026-05-19T13:56:34.296312"
}