{
  "total_courses": 7551,
  "total_urls": 10479,
  "total_pages": 504,
  "successful_pages": 504,
  "failed_pages": 0,
  "elapsed_time": 42.33626985549927,
  "pages_per_second": 11.904686022652346,
  "timestamp": "2026-01-17T11:21:43.174104"
}