{
  "total_requested": 5423,
  "successful": 5423,
  "parse_failed": 0,
  "not_found": 0,
  "failed": 0,
  "elapsed_time": 356.6261706352234,
  "courses_per_second": 15.206399435971116,
  "timestamp": "2026-05-31T12:20:07.911527",
  "unique_courses": 5389,
  "duplicates_removed": 34
}