{
  "total_courses": 7496,
  "total_urls": 10415,
  "total_pages": 500,
  "successful_pages": 500,
  "failed_pages": 0,
  "elapsed_time": 43.63507699966431,
  "pages_per_second": 11.458671197116178,
  "timestamp": "2025-12-20T11:20:19.591829"
}