{
  "total_courses": 2917,
  "total_urls": 4581,
  "total_pages": 195,
  "successful_pages": 195,
  "failed_pages": 0,
  "elapsed_time": 18.758906364440918,
  "pages_per_second": 10.39506228196964,
  "timestamp": "2026-04-02T11:51:10.726259"
}