{
  "total_courses": 7547,
  "total_urls": 10470,
  "total_pages": 504,
  "successful_pages": 504,
  "failed_pages": 0,
  "elapsed_time": 38.58756685256958,
  "pages_per_second": 13.061201861356496,
  "timestamp": "2026-03-16T11:52:18.474656"
}