{
  "total_courses": 4997,
  "total_urls": 6753,
  "total_pages": 334,
  "successful_pages": 334,
  "failed_pages": 0,
  "elapsed_time": 24.92438817024231,
  "pages_per_second": 13.400529542336722,
  "timestamp": "2026-06-12T14:11:48.930624"
}