{
  "total_courses": 7494,
  "total_urls": 10413,
  "total_pages": 500,
  "successful_pages": 500,
  "failed_pages": 0,
  "elapsed_time": 40.96818995475769,
  "pages_per_second": 12.204590941219612,
  "timestamp": "2025-12-19T11:23:21.946368"
}