{
  "total_courses": 7535,
  "total_urls": 10479,
  "total_pages": 503,
  "successful_pages": 503,
  "failed_pages": 0,
  "elapsed_time": 41.59018111228943,
  "pages_per_second": 12.094200759596337,
  "timestamp": "2026-02-11T11:49:47.661626"
}