{
  "total_courses": 7547,
  "total_urls": 10470,
  "total_pages": 504,
  "successful_pages": 504,
  "failed_pages": 0,
  "elapsed_time": 41.269646406173706,
  "pages_per_second": 12.212365355391183,
  "timestamp": "2026-03-15T11:31:55.252466"
}