{
  "total_requested": 10184,
  "successful": 10174,
  "parse_failed": 10,
  "not_found": 0,
  "failed": 0,
  "elapsed_time": 392.79303669929504,
  "courses_per_second": 25.92713986372528,
  "timestamp": "2025-08-24T10:42:45.310480",
  "unique_courses": 10085,
  "duplicates_removed": 99
}