{
  "total_requested": 4616,
  "successful": 4616,
  "parse_failed": 0,
  "not_found": 0,
  "failed": 0,
  "elapsed_time": 304.43628001213074,
  "courses_per_second": 15.162450414306955,
  "timestamp": "2026-04-18T11:44:07.284914",
  "unique_courses": 4616,
  "duplicates_removed": 0
}