{
  "total_requested": 10415,
  "successful": 10406,
  "parse_failed": 9,
  "not_found": 0,
  "failed": 0,
  "elapsed_time": 602.0254464149475,
  "courses_per_second": 17.299933187245106,
  "timestamp": "2025-12-21T11:30:43.940290",
  "unique_courses": 10355,
  "duplicates_removed": 60
}