{
  "total_courses": 3744,
  "total_urls": 5420,
  "total_pages": 250,
  "successful_pages": 250,
  "failed_pages": 0,
  "elapsed_time": 18.746811151504517,
  "pages_per_second": 13.335601344655162,
  "timestamp": "2026-05-25T14:12:25.887356"
}