{
  "total_requested": 10493,
  "successful": 10484,
  "parse_failed": 9,
  "not_found": 0,
  "failed": 0,
  "elapsed_time": 667.1067097187042,
  "courses_per_second": 15.729117766518245,
  "timestamp": "2026-02-18T11:54:14.522162",
  "unique_courses": 10432,
  "duplicates_removed": 61
}