{
  "total_courses": 2913,
  "total_urls": 4574,
  "total_pages": 195,
  "successful_pages": 195,
  "failed_pages": 0,
  "elapsed_time": 17.859694480895996,
  "pages_per_second": 10.918439853973197,
  "timestamp": "2026-03-30T11:56:07.778156"
}