{
  "total_requested": 10416,
  "successful": 10407,
  "parse_failed": 9,
  "not_found": 0,
  "failed": 0,
  "elapsed_time": 644.5468716621399,
  "courses_per_second": 16.160190139686044,
  "timestamp": "2025-12-30T11:35:19.567281",
  "unique_courses": 10356,
  "duplicates_removed": 60
}